timestamp,load,day_of_week,month
2024-01-01,186,0,1
2024-01-02,3750,1,1
2024-01-03,4326,2,1
2024-01-04,4038,3,1
2024-01-05,4398,4,1
2024-01-06,4572,5,1
2024-01-07,4608,6,1
2024-01-08,4230,0,1
2024-01-09,4728,1,1
2024-01-10,4584,2,1
2024-01-11,4662,3,1
2024-01-12,4470,4,1
2024-01-13,4686,5,1
2024-01-14,4770,6,1
2024-01-15,4704,0,1
2024-01-16,4710,1,1
2024-01-17,4722,2,1
2024-01-18,4686,3,1
2024-01-19,2124,4,1
2024-01-20,4284,5,1
2024-01-21,4464,6,1
2024-01-22,3516,0,1
2024-01-23,360,1,1
2024-01-24,372,2,1
2024-01-25,360,3,1
2024-01-26,2868,4,1
2024-01-27,2880,5,1
2024-01-28,3168,6,1
2024-01-29,3150,0,1
2024-01-30,3138,1,1
2024-01-31,3024,2,1
2024-02-01,2952,3,2
2024-02-02,2082,4,2
2024-02-03,4230,5,2
2024-02-04,4536,6,2
2024-02-05,4362,0,2
2024-02-06,426,1,2
2024-02-07,2142,2,2
2024-02-08,2304,3,2
2024-02-09,2118,4,2
2024-02-10,2520,5,2
2024-02-11,2610,6,2
2024-02-12,2118,0,2
2024-02-13,2982,1,2
2024-02-14,3756,2,2
2024-02-15,4662,3,2
2024-02-16,4620,4,2
2024-02-17,4446,5,2
2024-02-18,2748,6,2
2024-02-19,2610,0,2
2024-02-20,2592,1,2
2024-02-21,2448,2,2
2024-02-22,2232,3,2
2024-02-23,2208,4,2
2024-02-24,2190,5,2
2024-02-25,2148,6,2
2024-02-26,2034,0,2
2024-02-27,330,1,2
2024-02-28,330,2,2
2024-02-29,312,3,2
2024-03-01,2418,4,3
2024-03-02,2910,5,3
2024-03-03,4428,6,3
2024-03-04,4818,0,3
2024-03-05,4644,1,3
2024-03-06,4734,2,3
2024-03-07,4644,3,3
2024-03-08,4572,4,3
2024-03-09,2352,5,3
2024-03-10,2112,6,3
2024-03-11,2124,0,3
2024-03-12,2130,1,3
2024-03-13,2718,2,3
2024-03-14,4722,3,3
2024-03-15,4662,4,3
2024-03-16,4746,5,3
2024-03-17,4788,6,3
2024-03-18,4506,0,3
2024-03-19,1980,1,3
2024-03-20,822,2,3
2024-03-21,834,3,3
2024-03-22,2394,4,3
2024-03-23,2538,5,3
2024-03-24,2664,6,3
2024-03-25,2688,0,3
2024-03-26,2616,1,3
2024-03-27,2232,2,3
2024-03-28,2196,3,3
2024-03-29,2232,4,3
2024-03-30,2148,5,3
2024-03-31,2112,6,3
2024-04-01,1542,0,4
2024-04-02,264,1,4
2024-04-03,186,2,4
2024-04-04,1680,3,4
2024-04-05,2094,4,4
2024-04-06,2040,5,4
2024-04-07,2058,6,4
2024-04-08,2136,0,4
2024-04-09,2172,1,4
2024-04-10,2106,2,4
2024-04-11,1014,3,4
2024-04-12,180,4,4
2024-04-13,174,5,4
2024-04-14,180,6,4
2024-04-15,186,0,4
2024-04-16,180,1,4
2024-04-17,186,2,4
2024-04-18,198,3,4
2024-04-19,168,4,4
2024-04-20,216,5,4
2024-04-21,2652,6,4
2024-04-22,2970,0,4
2024-04-23,3024,1,4
2024-04-24,3012,2,4
2024-04-25,3072,3,4
2024-04-26,3072,4,4
2024-04-27,2928,5,4
2024-04-28,2964,6,4
2024-04-29,2952,0,4
2024-04-30,2898,1,4
2024-05-01,1374,2,5
2024-05-02,1848,3,5
2024-05-03,2064,4,5
2024-05-04,1962,5,5
2024-05-05,1938,6,5
2024-05-06,2022,0,5
2024-05-07,1920,1,5
2024-05-08,1830,2,5
2024-05-09,1860,3,5
2024-05-10,2862,4,5
2024-05-11,4128,5,5
2024-05-12,4266,6,5
2024-05-13,4218,0,5
2024-05-14,4320,1,5
2024-05-15,2976,2,5
2024-05-16,2904,3,5
2024-05-17,240,4,5
2024-05-18,2856,5,5
2024-05-19,2964,6,5
2024-05-20,4458,0,5
2024-05-21,4560,1,5
2024-05-22,4572,2,5
2024-05-23,1890,3,5
2024-05-24,1938,4,5
2024-05-25,1872,5,5
2024-05-26,954,6,5
2024-05-27,282,0,5
2024-05-28,1710,1,5
2024-05-29,1920,2,5
2024-05-30,1992,3,5
2024-05-31,1050,4,5
2024-06-01,288,5,6
2024-06-02,300,6,6
2024-06-03,1830,0,6
2024-06-04,1848,1,6
2024-06-05,1848,2,6
2024-06-06,1944,3,6
2024-06-07,1704,4,6
2024-06-08,384,5,6
2024-06-09,180,6,6
2024-06-10,282,0,6
2024-06-11,204,1,6
2024-06-12,204,2,6
2024-06-13,282,3,6
2024-06-14,444,4,6
2024-06-15,366,5,6
2024-06-16,4284,6,6
2024-06-17,4854,0,6
2024-06-18,5034,1,6
2024-06-19,4968,2,6
2024-06-20,4812,3,6
2024-06-21,4482,4,6
2024-06-22,2928,5,6
2024-06-23,4728,6,6
2024-06-24,4482,0,6
2024-06-25,2100,1,6
2024-06-26,1176,2,6
2024-06-27,204,3,6
2024-06-28,2844,4,6
2024-06-29,3036,5,6
2024-06-30,3060,6,6
2024-07-01,4656,0,7
2024-07-02,4968,1,7
2024-07-03,4956,2,7
2024-07-04,4752,3,7
2024-07-05,4752,4,7
2024-07-06,4854,5,7
2024-07-07,4836,6,7
2024-07-08,4818,0,7
2024-07-09,4914,1,7
2024-07-10,4650,2,7
2024-07-11,3114,3,7
2024-07-12,4794,4,7
2024-07-13,5142,5,7
2024-07-14,4998,6,7
2024-07-15,5058,0,7
2024-07-16,4794,1,7
2024-07-17,4848,2,7
2024-07-18,4434,3,7
2024-07-19,1194,4,7
2024-07-20,528,5,7
2024-07-21,606,6,7
2024-07-22,624,0,7
2024-07-23,2184,1,7
2024-07-24,2706,2,7
2024-07-25,2700,3,7
2024-07-26,4704,4,7
2024-07-27,4656,5,7
2024-07-28,3606,6,7
2024-07-29,2766,0,7
2024-07-30,2778,1,7
2024-07-31,4710,2,7
2024-08-01,4740,3,8
2024-08-02,4698,4,8
2024-08-03,4728,5,8
2024-08-04,4578,6,8
2024-08-05,4644,0,8
2024-08-06,3000,1,8
2024-08-07,2286,2,8
2024-08-08,2262,3,8
2024-08-09,2214,4,8
2024-08-10,2292,5,8
2024-08-11,2556,6,8
2024-08-12,4488,0,8
2024-08-13,4542,1,8
2024-08-14,4392,2,8
2024-08-15,2184,3,8
2024-08-16,2220,4,8
2024-08-17,2124,5,8
2024-08-18,2304,6,8
2024-08-19,2268,0,8
2024-08-20,1320,1,8
2024-08-21,1944,2,8
2024-08-22,2124,3,8
2024-08-23,2124,4,8
2024-08-24,2088,5,8
2024-08-25,2112,6,8
2024-08-26,2118,0,8
2024-08-27,2190,1,8
2024-08-28,2052,2,8
2024-08-29,2136,3,8
2024-08-30,2070,4,8
2024-08-31,2268,5,8
2024-09-01,2232,6,9
2024-09-02,2136,0,9
2024-09-03,2160,1,9
2024-09-04,4344,2,9
2024-09-05,4788,3,9
2024-09-06,4668,4,9
2024-09-07,5058,5,9
2024-09-08,4788,6,9
2024-09-09,4740,0,9
2024-09-10,4824,1,9
2024-09-11,4812,2,9
2024-09-12,4860,3,9
2024-09-13,4440,4,9
2024-09-14,2940,5,9
2024-09-15,3384,6,9
2024-09-16,3528,0,9
2024-09-17,3606,1,9
2024-09-18,3690,2,9
2024-09-19,3630,3,9
2024-09-20,2964,4,9
2024-09-21,4632,5,9
2024-09-22,5016,6,9
2024-09-23,3816,0,9
2024-09-24,2946,1,9
2024-09-25,2814,2,9
2024-09-26,2928,3,9
2024-09-27,2964,4,9
2024-09-28,2880,5,9
2024-09-29,2994,6,9
2024-09-30,2898,0,9
2024-10-01,2790,1,10
2024-10-02,2874,2,10
2024-10-03,4572,3,10
2024-10-04,4584,4,10
2024-10-05,4626,5,10
2024-10-06,4842,6,10
2024-10-07,4866,0,10
2024-10-08,4818,1,10
2024-10-09,4734,2,10
2024-10-10,2964,3,10
2024-10-11,2364,4,10
2024-10-12,4530,5,10
2024-10-13,4710,6,10
2024-10-14,4560,0,10
2024-10-15,4470,1,10
2024-10-16,4512,2,10
2024-10-17,4746,3,10
2024-10-18,4662,4,10
2024-10-19,4764,5,10
2024-10-20,4758,6,10
2024-10-21,4884,0,10
2024-10-22,4710,1,10
2024-10-23,4608,2,10
2024-10-24,4344,3,10
2024-10-25,4554,4,10
2024-10-26,4860,5,10
2024-10-27,4782,6,10
2024-10-28,4824,0,10
2024-10-29,4686,1,10
2024-10-30,4692,2,10
2024-10-31,4728,3,10
2024-11-01,4698,4,11
2024-11-02,4650,5,11
2024-11-03,4788,6,11
2024-11-04,4722,0,11
2024-11-05,4758,1,11
2024-11-06,4758,2,11
2024-11-07,4614,3,11
2024-11-08,4722,4,11
2024-11-09,4854,5,11
2024-11-10,4740,6,11
2024-11-11,4944,0,11
2024-11-12,4722,1,11
2024-11-13,4908,2,11
2024-11-14,4752,3,11
2024-11-15,4692,4,11
2024-11-16,4752,5,11
2024-11-17,4692,6,11
2024-11-18,4842,0,11
2024-11-19,4866,1,11
2024-11-20,4650,2,11
2024-11-21,4656,3,11
2024-11-22,4698,4,11
2024-11-23,4770,5,11
2024-11-24,4800,6,11
2024-11-25,4830,0,11
2024-11-26,4710,1,11
2024-11-27,4422,2,11
2024-11-28,3018,3,11
2024-11-29,2406,4,11
2024-11-30,4884,5,11
2024-12-01,4908,6,12
2024-12-02,4920,0,12
2024-12-03,4842,1,12
2024-12-04,4716,2,12
2024-12-05,4110,3,12
2024-12-06,4638,4,12
2024-12-07,4764,5,12
2024-12-08,4692,6,12
2024-12-09,4728,0,12
2024-12-10,4800,1,12
2024-12-11,4878,2,12
2024-12-12,5106,3,12
2024-12-13,4872,4,12
2024-12-14,4788,5,12
2024-12-15,4752,6,12
2024-12-16,4110,0,12
2024-12-17,3240,1,12
2024-12-18,3138,2,12
2024-12-19,3090,3,12
2024-12-20,3156,4,12
2024-12-21,3144,5,12
2024-12-22,3186,6,12
2024-12-23,4704,0,12
2024-12-24,4836,1,12
2024-12-25,2256,2,12
2024-12-26,2298,3,12
2024-12-27,240,4,12
2024-12-28,90,5,12
2024-12-29,144,6,12
2024-12-30,174,0,12
2024-12-31,186,1,12
