timestamp,load,day_of_week,month,load_lag1,load_lag2
2024-01-01 00:00:00,0.0,0,1,0.0,0.0
2024-01-06 00:00:00,0.0,5,1,0.0,0.0
2024-01-06 01:00:00,0.0,5,1,0.0,0.0
2024-01-06 02:00:00,0.0,5,1,0.0,0.0
2024-01-06 03:00:00,0.0,5,1,0.0,0.0
2024-01-06 04:00:00,0.0,5,1,0.0,0.0
2024-01-06 05:00:00,0.0,5,1,0.0,0.0
2024-01-06 06:00:00,0.0,5,1,0.0,0.0
2024-01-06 07:00:00,0.0,5,1,0.0,0.0
2024-01-06 08:00:00,0.0,5,1,0.0,0.0
2024-01-06 09:00:00,0.0,5,1,0.0,0.0
2024-01-06 10:00:00,0.0,5,1,0.0,0.0
2024-01-06 11:00:00,0.0,5,1,0.0,0.0
2024-01-06 12:00:00,0.0,5,1,0.0,0.0
2024-01-06 13:00:00,0.0,5,1,0.0,0.0
2024-01-06 14:00:00,0.0,5,1,0.0,0.0
2024-01-06 15:00:00,0.0,5,1,0.0,0.0
2024-01-06 16:00:00,0.0,5,1,0.0,0.0
2024-01-06 17:00:00,0.0,5,1,0.0,0.0
2024-01-06 18:00:00,0.0,5,1,0.0,0.0
2024-01-06 19:00:00,0.0,5,1,0.0,0.0
2024-01-06 20:00:00,0.0,5,1,0.0,0.0
2024-01-06 21:00:00,0.0,5,1,0.0,0.0
2024-01-06 22:00:00,0.0,5,1,0.0,0.0
2024-01-06 23:00:00,0.0,5,1,0.0,0.0
2024-01-07 00:00:00,0.0,6,1,0.0,0.0
2024-01-07 01:00:00,0.0,6,1,0.0,0.0
2024-01-07 02:00:00,0.0,6,1,0.0,0.0
2024-01-07 03:00:00,0.0,6,1,0.0,0.0
2024-01-07 04:00:00,0.0,6,1,0.0,0.0
2024-01-07 05:00:00,0.0,6,1,0.0,0.0
2024-01-07 06:00:00,0.0,6,1,0.0,0.0
2024-01-07 07:00:00,0.0,6,1,0.0,0.0
2024-01-07 08:00:00,0.0,6,1,0.0,0.0
2024-01-07 09:00:00,0.0,6,1,0.0,0.0
2024-01-07 10:00:00,0.0,6,1,0.0,0.0
2024-01-07 11:00:00,0.0,6,1,0.0,0.0
2024-01-07 12:00:00,0.0,6,1,0.0,0.0
2024-01-07 13:00:00,0.0,6,1,0.0,0.0
2024-01-07 14:00:00,0.0,6,1,0.0,0.0
2024-01-07 15:00:00,0.0,6,1,0.0,0.0
2024-01-07 16:00:00,0.0,6,1,0.0,0.0
2024-01-07 17:00:00,0.0,6,1,0.0,0.0
2024-01-07 18:00:00,0.0,6,1,0.0,0.0
2024-01-07 19:00:00,0.0,6,1,0.0,0.0
2024-01-07 20:00:00,0.0,6,1,0.0,0.0
2024-01-07 21:00:00,0.0,6,1,0.0,0.0
2024-01-07 22:00:00,0.0,6,1,0.0,0.0
2024-01-07 23:00:00,0.0,6,1,0.0,0.0
2024-01-13 00:00:00,0.0,5,1,0.0,0.0
2024-01-13 01:00:00,0.0,5,1,0.0,0.0
2024-01-13 02:00:00,0.0,5,1,0.0,0.0
2024-01-13 03:00:00,0.0,5,1,0.0,0.0
2024-01-13 04:00:00,0.0,5,1,0.0,0.0
2024-01-13 05:00:00,0.0,5,1,0.0,0.0
2024-01-13 06:00:00,0.0,5,1,0.0,0.0
2024-01-13 07:00:00,0.0,5,1,0.0,0.0
2024-01-13 08:00:00,0.0,5,1,0.0,0.0
2024-01-13 09:00:00,0.0,5,1,0.0,0.0
2024-01-13 10:00:00,0.0,5,1,0.0,0.0
2024-01-13 11:00:00,0.0,5,1,0.0,0.0
2024-01-13 12:00:00,0.0,5,1,0.0,0.0
2024-01-13 13:00:00,0.0,5,1,0.0,0.0
2024-01-13 14:00:00,0.0,5,1,0.0,0.0
2024-01-13 15:00:00,0.0,5,1,0.0,0.0
2024-01-13 16:00:00,0.0,5,1,0.0,0.0
2024-01-13 17:00:00,0.0,5,1,0.0,0.0
2024-01-13 18:00:00,0.0,5,1,0.0,0.0
2024-01-13 19:00:00,0.0,5,1,0.0,0.0
2024-01-13 20:00:00,0.0,5,1,0.0,0.0
2024-01-13 21:00:00,0.0,5,1,0.0,0.0
2024-01-13 22:00:00,0.0,5,1,0.0,0.0
2024-01-13 23:00:00,0.0,5,1,0.0,0.0
2024-01-14 00:00:00,0.0,6,1,0.0,0.0
2024-01-14 01:00:00,0.0,6,1,0.0,0.0
2024-01-14 02:00:00,0.0,6,1,0.0,0.0
2024-01-14 03:00:00,0.0,6,1,0.0,0.0
2024-01-14 04:00:00,0.0,6,1,0.0,0.0
2024-01-14 05:00:00,0.0,6,1,0.0,0.0
2024-01-14 06:00:00,0.0,6,1,0.0,0.0
2024-01-14 07:00:00,0.0,6,1,0.0,0.0
2024-01-14 08:00:00,0.0,6,1,0.0,0.0
2024-01-14 09:00:00,0.0,6,1,0.0,0.0
2024-01-14 10:00:00,0.0,6,1,0.0,0.0
2024-01-14 11:00:00,0.0,6,1,0.0,0.0
2024-01-14 12:00:00,0.0,6,1,0.0,0.0
2024-01-14 13:00:00,0.0,6,1,0.0,0.0
2024-01-14 14:00:00,0.0,6,1,0.0,0.0
2024-01-14 15:00:00,0.0,6,1,0.0,0.0
2024-01-14 16:00:00,0.0,6,1,0.0,0.0
2024-01-14 17:00:00,0.0,6,1,0.0,0.0
2024-01-14 18:00:00,0.0,6,1,0.0,0.0
2024-01-14 19:00:00,0.0,6,1,0.0,0.0
2024-01-14 20:00:00,0.0,6,1,0.0,0.0
2024-01-14 21:00:00,0.0,6,1,0.0,0.0
2024-01-14 22:00:00,0.0,6,1,0.0,0.0
2024-01-14 23:00:00,0.0,6,1,0.0,0.0
2024-01-20 00:00:00,0.0,5,1,0.0,0.0
2024-01-20 01:00:00,0.0,5,1,0.0,0.0
2024-01-20 02:00:00,0.0,5,1,0.0,0.0
2024-01-20 03:00:00,0.0,5,1,0.0,0.0
2024-01-20 04:00:00,0.0,5,1,0.0,0.0
2024-01-20 05:00:00,0.0,5,1,0.0,0.0
2024-01-20 06:00:00,468.88,5,1,0.0,0.0
2024-01-20 07:00:00,554.23,5,1,468.88,0.0
2024-01-20 08:00:00,639.58,5,1,554.23,468.88
2024-01-20 09:00:00,597.74,5,1,639.58,554.23
2024-01-20 10:00:00,588.12,5,1,597.74,639.58
2024-01-20 11:00:00,585.655,5,1,588.12,597.74
2024-01-20 12:00:00,583.19,5,1,585.655,588.12
2024-01-20 13:00:00,583.35,5,1,583.19,585.655
2024-01-20 14:00:00,562.39,5,1,583.35,583.19
2024-01-20 15:00:00,553.69,5,1,562.39,583.35
2024-01-20 16:00:00,544.99,5,1,553.69,562.39
2024-01-20 17:00:00,516.92,5,1,544.99,553.69
2024-01-20 18:00:00,258.46,5,1,516.92,544.99
2024-01-20 19:00:00,0.0,5,1,258.46,516.92
2024-01-20 20:00:00,0.0,5,1,0.0,258.46
2024-01-20 21:00:00,0.0,5,1,0.0,0.0
2024-01-20 22:00:00,0.0,5,1,0.0,0.0
2024-01-20 23:00:00,0.0,5,1,0.0,0.0
2024-01-21 00:00:00,0.0,6,1,0.0,0.0
2024-01-21 01:00:00,0.0,6,1,0.0,0.0
2024-01-21 02:00:00,0.0,6,1,0.0,0.0
2024-01-21 03:00:00,0.0,6,1,0.0,0.0
2024-01-21 04:00:00,0.0,6,1,0.0,0.0
2024-01-21 05:00:00,0.0,6,1,0.0,0.0
2024-01-21 06:00:00,0.0,6,1,0.0,0.0
2024-01-21 07:00:00,0.0,6,1,0.0,0.0
2024-01-21 08:00:00,0.0,6,1,0.0,0.0
2024-01-21 09:00:00,0.0,6,1,0.0,0.0
2024-01-21 10:00:00,0.0,6,1,0.0,0.0
2024-01-21 11:00:00,0.0,6,1,0.0,0.0
2024-01-21 12:00:00,0.0,6,1,0.0,0.0
2024-01-21 13:00:00,0.0,6,1,0.0,0.0
2024-01-21 14:00:00,0.0,6,1,0.0,0.0
2024-01-21 15:00:00,0.0,6,1,0.0,0.0
2024-01-21 16:00:00,0.0,6,1,0.0,0.0
2024-01-21 17:00:00,0.0,6,1,0.0,0.0
2024-01-21 18:00:00,0.0,6,1,0.0,0.0
2024-01-21 19:00:00,0.0,6,1,0.0,0.0
2024-01-21 20:00:00,0.0,6,1,0.0,0.0
2024-01-21 21:00:00,0.0,6,1,0.0,0.0
2024-01-21 22:00:00,0.0,6,1,0.0,0.0
2024-01-21 23:00:00,0.0,6,1,0.0,0.0
2024-01-27 00:00:00,0.0,5,1,0.0,0.0
2024-01-27 01:00:00,0.0,5,1,0.0,0.0
2024-01-27 02:00:00,0.0,5,1,0.0,0.0
2024-01-27 03:00:00,0.0,5,1,0.0,0.0
2024-01-27 04:00:00,0.0,5,1,0.0,0.0
2024-01-27 05:00:00,0.0,5,1,0.0,0.0
2024-01-27 06:00:00,468.88,5,1,0.0,0.0
2024-01-27 07:00:00,554.23,5,1,468.88,0.0
2024-01-27 08:00:00,639.58,5,1,554.23,468.88
2024-01-27 09:00:00,597.74,5,1,639.58,554.23
2024-01-27 10:00:00,588.12,5,1,597.74,639.58
2024-01-27 11:00:00,585.655,5,1,588.12,597.74
2024-01-27 12:00:00,583.19,5,1,585.655,588.12
2024-01-27 13:00:00,583.35,5,1,583.19,585.655
2024-01-27 14:00:00,562.39,5,1,583.35,583.19
2024-01-27 15:00:00,553.69,5,1,562.39,583.35
2024-01-27 16:00:00,544.99,5,1,553.69,562.39
2024-01-27 17:00:00,516.92,5,1,544.99,553.69
2024-01-27 18:00:00,258.46,5,1,516.92,544.99
2024-01-27 19:00:00,0.0,5,1,258.46,516.92
2024-01-27 20:00:00,0.0,5,1,0.0,258.46
2024-01-27 21:00:00,0.0,5,1,0.0,0.0
2024-01-27 22:00:00,0.0,5,1,0.0,0.0
2024-01-27 23:00:00,0.0,5,1,0.0,0.0
2024-01-28 00:00:00,0.0,6,1,0.0,0.0
2024-01-28 01:00:00,0.0,6,1,0.0,0.0
2024-01-28 02:00:00,0.0,6,1,0.0,0.0
2024-01-28 03:00:00,0.0,6,1,0.0,0.0
2024-01-28 04:00:00,0.0,6,1,0.0,0.0
2024-01-28 05:00:00,0.0,6,1,0.0,0.0
2024-01-28 06:00:00,0.0,6,1,0.0,0.0
2024-01-28 07:00:00,0.0,6,1,0.0,0.0
2024-01-28 08:00:00,0.0,6,1,0.0,0.0
2024-01-28 09:00:00,0.0,6,1,0.0,0.0
2024-01-28 10:00:00,0.0,6,1,0.0,0.0
2024-01-28 11:00:00,0.0,6,1,0.0,0.0
2024-01-28 12:00:00,0.0,6,1,0.0,0.0
2024-01-28 13:00:00,0.0,6,1,0.0,0.0
2024-01-28 14:00:00,0.0,6,1,0.0,0.0
2024-01-28 15:00:00,0.0,6,1,0.0,0.0
2024-01-28 16:00:00,0.0,6,1,0.0,0.0
2024-01-28 17:00:00,0.0,6,1,0.0,0.0
2024-01-28 18:00:00,0.0,6,1,0.0,0.0
2024-01-28 19:00:00,0.0,6,1,0.0,0.0
2024-01-28 20:00:00,0.0,6,1,0.0,0.0
2024-01-28 21:00:00,0.0,6,1,0.0,0.0
2024-01-28 22:00:00,0.0,6,1,0.0,0.0
2024-01-28 23:00:00,0.0,6,1,0.0,0.0
2024-02-03 00:00:00,0.0,5,2,0.0,0.0
2024-02-03 01:00:00,0.0,5,2,0.0,0.0
2024-02-03 02:00:00,0.0,5,2,0.0,0.0
2024-02-03 03:00:00,0.0,5,2,0.0,0.0
2024-02-03 04:00:00,0.0,5,2,0.0,0.0
2024-02-03 05:00:00,0.0,5,2,0.0,0.0
2024-02-03 06:00:00,0.0,5,2,0.0,0.0
2024-02-03 07:00:00,938.04,5,2,0.0,0.0
2024-02-03 08:00:00,842.115,5,2,938.04,0.0
2024-02-03 09:00:00,746.19,5,2,842.115,938.04
2024-02-03 10:00:00,712.69,5,2,746.19,842.115
2024-02-03 11:00:00,699.1,5,2,712.69,746.19
2024-02-03 12:00:00,715.96,5,2,699.1,712.69
2024-02-03 13:00:00,732.82,5,2,715.96,699.1
2024-02-03 14:00:00,722.93,5,2,732.82,715.96
2024-02-03 15:00:00,703.53,5,2,722.93,732.82
2024-02-03 16:00:00,650.28,5,2,703.53,722.93
2024-02-03 17:00:00,597.03,5,2,650.28,703.53
2024-02-03 18:00:00,218.09,5,2,597.03,650.28
2024-02-03 19:00:00,109.045,5,2,218.09,597.03
2024-02-03 20:00:00,0.0,5,2,109.045,218.09
2024-02-03 21:00:00,0.0,5,2,0.0,109.045
2024-02-03 22:00:00,0.0,5,2,0.0,0.0
2024-02-03 23:00:00,0.0,5,2,0.0,0.0
2024-02-04 00:00:00,0.0,6,2,0.0,0.0
2024-02-04 01:00:00,0.0,6,2,0.0,0.0
2024-02-04 02:00:00,0.0,6,2,0.0,0.0
2024-02-04 03:00:00,0.0,6,2,0.0,0.0
2024-02-04 04:00:00,0.0,6,2,0.0,0.0
2024-02-04 05:00:00,0.0,6,2,0.0,0.0
2024-02-04 06:00:00,468.88,6,2,0.0,0.0
2024-02-04 07:00:00,554.23,6,2,468.88,0.0
2024-02-04 08:00:00,639.58,6,2,554.23,468.88
2024-02-04 09:00:00,597.74,6,2,639.58,554.23
2024-02-04 10:00:00,588.12,6,2,597.74,639.58
2024-02-04 11:00:00,585.655,6,2,588.12,597.74
2024-02-04 12:00:00,583.19,6,2,585.655,588.12
2024-02-04 13:00:00,583.35,6,2,583.19,585.655
2024-02-04 14:00:00,562.39,6,2,583.35,583.19
2024-02-04 15:00:00,553.69,6,2,562.39,583.35
2024-02-04 16:00:00,544.99,6,2,553.69,562.39
2024-02-04 17:00:00,516.92,6,2,544.99,553.69
2024-02-04 18:00:00,258.46,6,2,516.92,544.99
2024-02-04 19:00:00,0.0,6,2,258.46,516.92
2024-02-04 20:00:00,0.0,6,2,0.0,258.46
2024-02-04 21:00:00,0.0,6,2,0.0,0.0
2024-02-04 22:00:00,0.0,6,2,0.0,0.0
2024-02-04 23:00:00,0.0,6,2,0.0,0.0
2024-02-10 00:00:00,0.0,5,2,0.0,0.0
2024-02-10 01:00:00,0.0,5,2,0.0,0.0
2024-02-10 02:00:00,0.0,5,2,0.0,0.0
2024-02-10 03:00:00,0.0,5,2,0.0,0.0
2024-02-10 04:00:00,0.0,5,2,0.0,0.0
2024-02-10 05:00:00,0.0,5,2,0.0,0.0
2024-02-10 06:00:00,0.0,5,2,0.0,0.0
2024-02-10 07:00:00,938.04,5,2,0.0,0.0
2024-02-10 08:00:00,842.115,5,2,938.04,0.0
2024-02-10 09:00:00,746.19,5,2,842.115,938.04
2024-02-10 10:00:00,712.69,5,2,746.19,842.115
2024-02-10 11:00:00,699.1,5,2,712.69,746.19
2024-02-10 12:00:00,715.96,5,2,699.1,712.69
2024-02-10 13:00:00,732.82,5,2,715.96,699.1
2024-02-10 14:00:00,722.93,5,2,732.82,715.96
2024-02-10 15:00:00,703.53,5,2,722.93,732.82
2024-02-10 16:00:00,650.28,5,2,703.53,722.93
2024-02-10 17:00:00,597.03,5,2,650.28,703.53
2024-02-10 18:00:00,218.09,5,2,597.03,650.28
2024-02-10 19:00:00,109.045,5,2,218.09,597.03
2024-02-10 20:00:00,0.0,5,2,109.045,218.09
2024-02-10 21:00:00,0.0,5,2,0.0,109.045
2024-02-10 22:00:00,0.0,5,2,0.0,0.0
2024-02-10 23:00:00,0.0,5,2,0.0,0.0
2024-02-11 00:00:00,0.0,6,2,0.0,0.0
2024-02-11 01:00:00,0.0,6,2,0.0,0.0
2024-02-11 02:00:00,0.0,6,2,0.0,0.0
2024-02-11 03:00:00,0.0,6,2,0.0,0.0
2024-02-11 04:00:00,0.0,6,2,0.0,0.0
2024-02-11 05:00:00,0.0,6,2,0.0,0.0
2024-02-11 06:00:00,468.88,6,2,0.0,0.0
2024-02-11 07:00:00,554.23,6,2,468.88,0.0
2024-02-11 08:00:00,639.58,6,2,554.23,468.88
2024-02-11 09:00:00,597.74,6,2,639.58,554.23
2024-02-11 10:00:00,588.12,6,2,597.74,639.58
2024-02-11 11:00:00,585.655,6,2,588.12,597.74
2024-02-11 12:00:00,583.19,6,2,585.655,588.12
2024-02-11 13:00:00,583.35,6,2,583.19,585.655
2024-02-11 14:00:00,562.39,6,2,583.35,583.19
2024-02-11 15:00:00,553.69,6,2,562.39,583.35
2024-02-11 16:00:00,544.99,6,2,553.69,562.39
2024-02-11 17:00:00,516.92,6,2,544.99,553.69
2024-02-11 18:00:00,258.46,6,2,516.92,544.99
2024-02-11 19:00:00,0.0,6,2,258.46,516.92
2024-02-11 20:00:00,0.0,6,2,0.0,258.46
2024-02-11 21:00:00,0.0,6,2,0.0,0.0
2024-02-11 22:00:00,0.0,6,2,0.0,0.0
2024-02-11 23:00:00,0.0,6,2,0.0,0.0
2024-02-17 00:00:00,0.0,5,2,0.0,0.0
2024-02-17 01:00:00,0.0,5,2,0.0,0.0
2024-02-17 02:00:00,0.0,5,2,0.0,0.0
2024-02-17 03:00:00,0.0,5,2,0.0,0.0
2024-02-17 04:00:00,0.0,5,2,0.0,0.0
2024-02-17 05:00:00,0.0,5,2,0.0,0.0
2024-02-17 06:00:00,0.0,5,2,0.0,0.0
2024-02-17 07:00:00,468.46,5,2,0.0,0.0
2024-02-17 08:00:00,625.63,5,2,468.46,0.0
2024-02-17 09:00:00,616.615,5,2,625.63,468.46
2024-02-17 10:00:00,607.6,5,2,616.615,625.63
2024-02-17 11:00:00,635.91,5,2,607.6,616.615
2024-02-17 12:00:00,596.96,5,2,635.91,607.6
2024-02-17 13:00:00,594.345,5,2,596.96,635.91
2024-02-17 14:00:00,591.73,5,2,594.345,596.96
2024-02-17 15:00:00,576.67,5,2,591.73,594.345
2024-02-17 16:00:00,564.6,5,2,576.67,591.73
2024-02-17 17:00:00,282.3,5,2,564.6,576.67
2024-02-17 18:00:00,0.0,5,2,282.3,564.6
2024-02-17 19:00:00,0.0,5,2,0.0,282.3
2024-02-17 20:00:00,0.0,5,2,0.0,0.0
2024-02-17 21:00:00,0.0,5,2,0.0,0.0
2024-02-17 22:00:00,0.0,5,2,0.0,0.0
2024-02-17 23:00:00,0.0,5,2,0.0,0.0
2024-02-18 00:00:00,0.0,6,2,0.0,0.0
2024-02-18 01:00:00,0.0,6,2,0.0,0.0
2024-02-18 02:00:00,0.0,6,2,0.0,0.0
2024-02-18 03:00:00,0.0,6,2,0.0,0.0
2024-02-18 04:00:00,0.0,6,2,0.0,0.0
2024-02-18 05:00:00,0.0,6,2,0.0,0.0
2024-02-18 06:00:00,0.0,6,2,0.0,0.0
2024-02-18 07:00:00,938.04,6,2,0.0,0.0
2024-02-18 08:00:00,842.115,6,2,938.04,0.0
2024-02-18 09:00:00,746.19,6,2,842.115,938.04
2024-02-18 10:00:00,712.69,6,2,746.19,842.115
2024-02-18 11:00:00,699.1,6,2,712.69,746.19
2024-02-18 12:00:00,715.96,6,2,699.1,712.69
2024-02-18 13:00:00,732.82,6,2,715.96,699.1
2024-02-18 14:00:00,722.93,6,2,732.82,715.96
2024-02-18 15:00:00,703.53,6,2,722.93,732.82
2024-02-18 16:00:00,650.28,6,2,703.53,722.93
2024-02-18 17:00:00,597.03,6,2,650.28,703.53
2024-02-18 18:00:00,218.09,6,2,597.03,650.28
2024-02-18 19:00:00,109.045,6,2,218.09,597.03
2024-02-18 20:00:00,0.0,6,2,109.045,218.09
2024-02-18 21:00:00,0.0,6,2,0.0,109.045
2024-02-18 22:00:00,0.0,6,2,0.0,0.0
2024-02-18 23:00:00,0.0,6,2,0.0,0.0
2024-02-24 00:00:00,0.0,5,2,0.0,0.0
2024-02-24 01:00:00,0.0,5,2,0.0,0.0
2024-02-24 02:00:00,0.0,5,2,0.0,0.0
2024-02-24 03:00:00,0.0,5,2,0.0,0.0
2024-02-24 04:00:00,0.0,5,2,0.0,0.0
2024-02-24 05:00:00,0.0,5,2,0.0,0.0
2024-02-24 06:00:00,0.0,5,2,0.0,0.0
2024-02-24 07:00:00,468.46,5,2,0.0,0.0
2024-02-24 08:00:00,625.63,5,2,468.46,0.0
2024-02-24 09:00:00,616.615,5,2,625.63,468.46
2024-02-24 10:00:00,607.6,5,2,616.615,625.63
2024-02-24 11:00:00,635.91,5,2,607.6,616.615
2024-02-24 12:00:00,596.96,5,2,635.91,607.6
2024-02-24 13:00:00,594.345,5,2,596.96,635.91
2024-02-24 14:00:00,591.73,5,2,594.345,596.96
2024-02-24 15:00:00,576.67,5,2,591.73,594.345
2024-02-24 16:00:00,564.6,5,2,576.67,591.73
2024-02-24 17:00:00,282.3,5,2,564.6,576.67
2024-02-24 18:00:00,0.0,5,2,282.3,564.6
2024-02-24 19:00:00,0.0,5,2,0.0,282.3
2024-02-24 20:00:00,0.0,5,2,0.0,0.0
2024-02-24 21:00:00,0.0,5,2,0.0,0.0
2024-02-24 22:00:00,0.0,5,2,0.0,0.0
2024-02-24 23:00:00,0.0,5,2,0.0,0.0
2024-02-25 00:00:00,0.0,6,2,0.0,0.0
2024-02-25 01:00:00,0.0,6,2,0.0,0.0
2024-02-25 02:00:00,0.0,6,2,0.0,0.0
2024-02-25 03:00:00,0.0,6,2,0.0,0.0
2024-02-25 04:00:00,0.0,6,2,0.0,0.0
2024-02-25 05:00:00,0.0,6,2,0.0,0.0
2024-02-25 06:00:00,0.0,6,2,0.0,0.0
2024-02-25 07:00:00,938.04,6,2,0.0,0.0
2024-02-25 08:00:00,842.115,6,2,938.04,0.0
2024-02-25 09:00:00,746.19,6,2,842.115,938.04
2024-02-25 10:00:00,712.69,6,2,746.19,842.115
2024-02-25 11:00:00,699.1,6,2,712.69,746.19
2024-02-25 12:00:00,715.96,6,2,699.1,712.69
2024-02-25 13:00:00,732.82,6,2,715.96,699.1
2024-02-25 14:00:00,722.93,6,2,732.82,715.96
2024-02-25 15:00:00,703.53,6,2,722.93,732.82
2024-02-25 16:00:00,650.28,6,2,703.53,722.93
2024-02-25 17:00:00,597.03,6,2,650.28,703.53
2024-02-25 18:00:00,218.09,6,2,597.03,650.28
2024-02-25 19:00:00,109.045,6,2,218.09,597.03
2024-02-25 20:00:00,0.0,6,2,109.045,218.09
2024-02-25 21:00:00,0.0,6,2,0.0,109.045
2024-02-25 22:00:00,0.0,6,2,0.0,0.0
2024-02-25 23:00:00,0.0,6,2,0.0,0.0
2024-03-02 00:00:00,0.0,5,3,0.0,0.0
2024-03-02 01:00:00,0.0,5,3,0.0,0.0
2024-03-02 02:00:00,0.0,5,3,0.0,0.0
2024-03-02 03:00:00,0.0,5,3,0.0,0.0
2024-03-02 04:00:00,0.0,5,3,0.0,0.0
2024-03-02 05:00:00,0.0,5,3,0.0,0.0
2024-03-02 06:00:00,235.51,5,3,0.0,0.0
2024-03-02 07:00:00,471.02,5,3,235.51,0.0
2024-03-02 08:00:00,579.14,5,3,471.02,235.51
2024-03-02 09:00:00,576.17,5,3,579.14,471.02
2024-03-02 10:00:00,570.75,5,3,576.17,579.14
2024-03-02 11:00:00,565.33,5,3,570.75,576.17
2024-03-02 12:00:00,569.27,5,3,565.33,570.75
2024-03-02 13:00:00,577.94,5,3,569.27,565.33
2024-03-02 14:00:00,567.875,5,3,577.94,569.27
2024-03-02 15:00:00,557.81,5,3,567.875,577.94
2024-03-02 16:00:00,545.31,5,3,557.81,567.875
2024-03-02 17:00:00,74.65,5,3,545.31,557.81
2024-03-02 18:00:00,37.325,5,3,74.65,545.31
2024-03-02 19:00:00,0.0,5,3,37.325,74.65
2024-03-02 20:00:00,0.0,5,3,0.0,37.325
2024-03-02 21:00:00,0.0,5,3,0.0,0.0
2024-03-02 22:00:00,0.0,5,3,0.0,0.0
2024-03-02 23:00:00,0.0,5,3,0.0,0.0
2024-03-03 00:00:00,0.0,6,3,0.0,0.0
2024-03-03 01:00:00,0.0,6,3,0.0,0.0
2024-03-03 02:00:00,0.0,6,3,0.0,0.0
2024-03-03 03:00:00,0.0,6,3,0.0,0.0
2024-03-03 04:00:00,0.0,6,3,0.0,0.0
2024-03-03 05:00:00,0.0,6,3,0.0,0.0
2024-03-03 06:00:00,0.0,6,3,0.0,0.0
2024-03-03 07:00:00,468.46,6,3,0.0,0.0
2024-03-03 08:00:00,625.63,6,3,468.46,0.0
2024-03-03 09:00:00,616.615,6,3,625.63,468.46
2024-03-03 10:00:00,607.6,6,3,616.615,625.63
2024-03-03 11:00:00,635.91,6,3,607.6,616.615
2024-03-03 12:00:00,596.96,6,3,635.91,607.6
2024-03-03 13:00:00,594.345,6,3,596.96,635.91
2024-03-03 14:00:00,591.73,6,3,594.345,596.96
2024-03-03 15:00:00,576.67,6,3,591.73,594.345
2024-03-03 16:00:00,564.6,6,3,576.67,591.73
2024-03-03 17:00:00,282.3,6,3,564.6,576.67
2024-03-03 18:00:00,0.0,6,3,282.3,564.6
2024-03-03 19:00:00,0.0,6,3,0.0,282.3
2024-03-03 20:00:00,0.0,6,3,0.0,0.0
2024-03-03 21:00:00,0.0,6,3,0.0,0.0
2024-03-03 22:00:00,0.0,6,3,0.0,0.0
2024-03-03 23:00:00,0.0,6,3,0.0,0.0
2024-03-09 00:00:00,0.0,5,3,0.0,0.0
2024-03-09 01:00:00,0.0,5,3,0.0,0.0
2024-03-09 02:00:00,0.0,5,3,0.0,0.0
2024-03-09 03:00:00,0.0,5,3,0.0,0.0
2024-03-09 04:00:00,0.0,5,3,0.0,0.0
2024-03-09 05:00:00,0.0,5,3,0.0,0.0
2024-03-09 06:00:00,235.51,5,3,0.0,0.0
2024-03-09 07:00:00,471.02,5,3,235.51,0.0
2024-03-09 08:00:00,579.14,5,3,471.02,235.51
2024-03-09 09:00:00,576.17,5,3,579.14,471.02
2024-03-09 10:00:00,570.75,5,3,576.17,579.14
2024-03-09 11:00:00,565.33,5,3,570.75,576.17
2024-03-09 12:00:00,569.27,5,3,565.33,570.75
2024-03-09 13:00:00,577.94,5,3,569.27,565.33
2024-03-09 14:00:00,567.875,5,3,577.94,569.27
2024-03-09 15:00:00,557.81,5,3,567.875,577.94
2024-03-09 16:00:00,545.31,5,3,557.81,567.875
2024-03-09 17:00:00,74.65,5,3,545.31,557.81
2024-03-09 18:00:00,37.325,5,3,74.65,545.31
2024-03-09 19:00:00,0.0,5,3,37.325,74.65
2024-03-09 20:00:00,0.0,5,3,0.0,37.325
2024-03-09 21:00:00,0.0,5,3,0.0,0.0
2024-03-09 22:00:00,0.0,5,3,0.0,0.0
2024-03-09 23:00:00,0.0,5,3,0.0,0.0
2024-03-10 00:00:00,0.0,6,3,0.0,0.0
2024-03-10 01:00:00,0.0,6,3,0.0,0.0
2024-03-10 02:00:00,0.0,6,3,0.0,0.0
2024-03-10 03:00:00,0.0,6,3,0.0,0.0
2024-03-10 04:00:00,0.0,6,3,0.0,0.0
2024-03-10 05:00:00,0.0,6,3,0.0,0.0
2024-03-10 06:00:00,0.0,6,3,0.0,0.0
2024-03-10 07:00:00,468.46,6,3,0.0,0.0
2024-03-10 08:00:00,625.63,6,3,468.46,0.0
2024-03-10 09:00:00,616.615,6,3,625.63,468.46
2024-03-10 10:00:00,607.6,6,3,616.615,625.63
2024-03-10 11:00:00,635.91,6,3,607.6,616.615
2024-03-10 12:00:00,596.96,6,3,635.91,607.6
2024-03-10 13:00:00,594.345,6,3,596.96,635.91
2024-03-10 14:00:00,591.73,6,3,594.345,596.96
2024-03-10 15:00:00,576.67,6,3,591.73,594.345
2024-03-10 16:00:00,564.6,6,3,576.67,591.73
2024-03-10 17:00:00,282.3,6,3,564.6,576.67
2024-03-10 18:00:00,0.0,6,3,282.3,564.6
2024-03-10 19:00:00,0.0,6,3,0.0,282.3
2024-03-10 20:00:00,0.0,6,3,0.0,0.0
2024-03-10 21:00:00,0.0,6,3,0.0,0.0
2024-03-10 22:00:00,0.0,6,3,0.0,0.0
2024-03-10 23:00:00,0.0,6,3,0.0,0.0
2024-03-16 00:00:00,0.0,5,3,0.0,0.0
2024-03-16 01:00:00,0.0,5,3,0.0,0.0
2024-03-16 02:00:00,0.0,5,3,0.0,0.0
2024-03-16 03:00:00,0.0,5,3,0.0,0.0
2024-03-16 04:00:00,0.0,5,3,0.0,0.0
2024-03-16 05:00:00,0.0,5,3,0.0,0.0
2024-03-16 06:00:00,0.0,5,3,0.0,0.0
2024-03-16 07:00:00,689.58,5,3,0.0,0.0
2024-03-16 08:00:00,625.27,5,3,689.58,0.0
2024-03-16 09:00:00,560.96,5,3,625.27,689.58
2024-03-16 10:00:00,614.07,5,3,560.96,625.27
2024-03-16 11:00:00,564.24,5,3,614.07,560.96
2024-03-16 12:00:00,548.93,5,3,564.24,614.07
2024-03-16 13:00:00,533.62,5,3,548.93,564.24
2024-03-16 14:00:00,569.5,5,3,533.62,548.93
2024-03-16 15:00:00,568.84,5,3,569.5,533.62
2024-03-16 16:00:00,568.18,5,3,568.84,569.5
2024-03-16 17:00:00,532.02,5,3,568.18,568.84
2024-03-16 18:00:00,0.0,5,3,532.02,568.18
2024-03-16 19:00:00,0.0,5,3,0.0,532.02
2024-03-16 20:00:00,0.0,5,3,0.0,0.0
2024-03-16 21:00:00,0.0,5,3,0.0,0.0
2024-03-16 22:00:00,0.0,5,3,0.0,0.0
2024-03-16 23:00:00,0.0,5,3,0.0,0.0
2024-03-17 00:00:00,0.0,6,3,0.0,0.0
2024-03-17 01:00:00,0.0,6,3,0.0,0.0
2024-03-17 02:00:00,0.0,6,3,0.0,0.0
2024-03-17 03:00:00,0.0,6,3,0.0,0.0
2024-03-17 04:00:00,0.0,6,3,0.0,0.0
2024-03-17 05:00:00,0.0,6,3,0.0,0.0
2024-03-17 06:00:00,235.51,6,3,0.0,0.0
2024-03-17 07:00:00,471.02,6,3,235.51,0.0
2024-03-17 08:00:00,579.14,6,3,471.02,235.51
2024-03-17 09:00:00,576.17,6,3,579.14,471.02
2024-03-17 10:00:00,570.75,6,3,576.17,579.14
2024-03-17 11:00:00,565.33,6,3,570.75,576.17
2024-03-17 12:00:00,569.27,6,3,565.33,570.75
2024-03-17 13:00:00,577.94,6,3,569.27,565.33
2024-03-17 14:00:00,567.875,6,3,577.94,569.27
2024-03-17 15:00:00,557.81,6,3,567.875,577.94
2024-03-17 16:00:00,545.31,6,3,557.81,567.875
2024-03-17 17:00:00,74.65,6,3,545.31,557.81
2024-03-17 18:00:00,37.325,6,3,74.65,545.31
2024-03-17 19:00:00,0.0,6,3,37.325,74.65
2024-03-17 20:00:00,0.0,6,3,0.0,37.325
2024-03-17 21:00:00,0.0,6,3,0.0,0.0
2024-03-17 22:00:00,0.0,6,3,0.0,0.0
2024-03-17 23:00:00,0.0,6,3,0.0,0.0
2024-03-23 00:00:00,0.0,5,3,0.0,0.0
2024-03-23 01:00:00,0.0,5,3,0.0,0.0
2024-03-23 02:00:00,0.0,5,3,0.0,0.0
2024-03-23 03:00:00,0.0,5,3,0.0,0.0
2024-03-23 04:00:00,0.0,5,3,0.0,0.0
2024-03-23 05:00:00,0.0,5,3,0.0,0.0
2024-03-23 06:00:00,0.0,5,3,0.0,0.0
2024-03-23 07:00:00,689.58,5,3,0.0,0.0
2024-03-23 08:00:00,625.27,5,3,689.58,0.0
2024-03-23 09:00:00,560.96,5,3,625.27,689.58
2024-03-23 10:00:00,614.07,5,3,560.96,625.27
2024-03-23 11:00:00,564.24,5,3,614.07,560.96
2024-03-23 12:00:00,548.93,5,3,564.24,614.07
2024-03-23 13:00:00,533.62,5,3,548.93,564.24
2024-03-23 14:00:00,569.5,5,3,533.62,548.93
2024-03-23 15:00:00,568.84,5,3,569.5,533.62
2024-03-23 16:00:00,568.18,5,3,568.84,569.5
2024-03-23 17:00:00,532.02,5,3,568.18,568.84
2024-03-23 18:00:00,0.0,5,3,532.02,568.18
2024-03-23 19:00:00,0.0,5,3,0.0,532.02
2024-03-23 20:00:00,0.0,5,3,0.0,0.0
2024-03-23 21:00:00,0.0,5,3,0.0,0.0
2024-03-23 22:00:00,0.0,5,3,0.0,0.0
2024-03-23 23:00:00,0.0,5,3,0.0,0.0
2024-03-24 00:00:00,0.0,6,3,0.0,0.0
2024-03-24 01:00:00,0.0,6,3,0.0,0.0
2024-03-24 02:00:00,0.0,6,3,0.0,0.0
2024-03-24 03:00:00,0.0,6,3,0.0,0.0
2024-03-24 04:00:00,0.0,6,3,0.0,0.0
2024-03-24 05:00:00,0.0,6,3,0.0,0.0
2024-03-24 06:00:00,235.51,6,3,0.0,0.0
2024-03-24 07:00:00,471.02,6,3,235.51,0.0
2024-03-24 08:00:00,579.14,6,3,471.02,235.51
2024-03-24 09:00:00,576.17,6,3,579.14,471.02
2024-03-24 10:00:00,570.75,6,3,576.17,579.14
2024-03-24 11:00:00,565.33,6,3,570.75,576.17
2024-03-24 12:00:00,569.27,6,3,565.33,570.75
2024-03-24 13:00:00,577.94,6,3,569.27,565.33
2024-03-24 14:00:00,567.875,6,3,577.94,569.27
2024-03-24 15:00:00,557.81,6,3,567.875,577.94
2024-03-24 16:00:00,545.31,6,3,557.81,567.875
2024-03-24 17:00:00,74.65,6,3,545.31,557.81
2024-03-24 18:00:00,37.325,6,3,74.65,545.31
2024-03-24 19:00:00,0.0,6,3,37.325,74.65
2024-03-24 20:00:00,0.0,6,3,0.0,37.325
2024-03-24 21:00:00,0.0,6,3,0.0,0.0
2024-03-24 22:00:00,0.0,6,3,0.0,0.0
2024-03-24 23:00:00,0.0,6,3,0.0,0.0
2024-03-30 00:00:00,0.0,5,3,0.0,0.0
2024-03-30 01:00:00,0.0,5,3,0.0,0.0
2024-03-30 02:00:00,0.0,5,3,0.0,0.0
2024-03-30 03:00:00,0.0,5,3,0.0,0.0
2024-03-30 04:00:00,0.0,5,3,0.0,0.0
2024-03-30 05:00:00,0.0,5,3,0.0,0.0
2024-03-30 06:00:00,0.0,5,3,0.0,0.0
2024-03-30 07:00:00,689.58,5,3,0.0,0.0
2024-03-30 08:00:00,625.27,5,3,689.58,0.0
2024-03-30 09:00:00,560.96,5,3,625.27,689.58
2024-03-30 10:00:00,614.07,5,3,560.96,625.27
2024-03-30 11:00:00,564.24,5,3,614.07,560.96
2024-03-30 12:00:00,548.93,5,3,564.24,614.07
2024-03-30 13:00:00,533.62,5,3,548.93,564.24
2024-03-30 14:00:00,569.5,5,3,533.62,548.93
2024-03-30 15:00:00,568.84,5,3,569.5,533.62
2024-03-30 16:00:00,568.18,5,3,568.84,569.5
2024-03-30 17:00:00,532.02,5,3,568.18,568.84
2024-03-30 18:00:00,0.0,5,3,532.02,568.18
2024-03-30 19:00:00,0.0,5,3,0.0,532.02
2024-03-30 20:00:00,0.0,5,3,0.0,0.0
2024-03-30 21:00:00,0.0,5,3,0.0,0.0
2024-03-30 22:00:00,0.0,5,3,0.0,0.0
2024-03-30 23:00:00,0.0,5,3,0.0,0.0
2024-03-31 00:00:00,0.0,6,3,0.0,0.0
2024-03-31 01:00:00,0.0,6,3,0.0,0.0
2024-03-31 02:00:00,0.0,6,3,0.0,0.0
2024-03-31 03:00:00,0.0,6,3,0.0,0.0
2024-03-31 04:00:00,0.0,6,3,0.0,0.0
2024-03-31 05:00:00,0.0,6,3,0.0,0.0
2024-03-31 06:00:00,0.0,6,3,0.0,0.0
2024-03-31 07:00:00,689.58,6,3,0.0,0.0
2024-03-31 08:00:00,625.27,6,3,689.58,0.0
2024-03-31 09:00:00,560.96,6,3,625.27,689.58
2024-03-31 10:00:00,614.07,6,3,560.96,625.27
2024-03-31 11:00:00,564.24,6,3,614.07,560.96
2024-03-31 12:00:00,548.93,6,3,564.24,614.07
2024-03-31 13:00:00,533.62,6,3,548.93,564.24
2024-03-31 14:00:00,569.5,6,3,533.62,548.93
2024-03-31 15:00:00,568.84,6,3,569.5,533.62
2024-03-31 16:00:00,568.18,6,3,568.84,569.5
2024-03-31 17:00:00,532.02,6,3,568.18,568.84
2024-03-31 18:00:00,0.0,6,3,532.02,568.18
2024-03-31 19:00:00,0.0,6,3,0.0,532.02
2024-03-31 20:00:00,0.0,6,3,0.0,0.0
2024-03-31 21:00:00,0.0,6,3,0.0,0.0
2024-03-31 22:00:00,0.0,6,3,0.0,0.0
2024-03-31 23:00:00,0.0,6,3,0.0,0.0
2024-04-06 00:00:00,0.0,5,4,0.0,0.0
2024-04-06 01:00:00,0.0,5,4,0.0,0.0
2024-04-06 02:00:00,0.0,5,4,0.0,0.0
2024-04-06 03:00:00,0.0,5,4,0.0,0.0
2024-04-06 04:00:00,0.0,5,4,0.0,0.0
2024-04-06 05:00:00,0.0,5,4,0.0,0.0
2024-04-06 06:00:00,0.0,5,4,0.0,0.0
2024-04-06 07:00:00,0.0,5,4,0.0,0.0
2024-04-06 08:00:00,0.0,5,4,0.0,0.0
2024-04-06 09:00:00,0.0,5,4,0.0,0.0
2024-04-06 10:00:00,0.0,5,4,0.0,0.0
2024-04-06 11:00:00,0.0,5,4,0.0,0.0
2024-04-06 12:00:00,0.0,5,4,0.0,0.0
2024-04-06 13:00:00,0.0,5,4,0.0,0.0
2024-04-06 14:00:00,0.0,5,4,0.0,0.0
2024-04-06 15:00:00,0.0,5,4,0.0,0.0
2024-04-06 16:00:00,0.0,5,4,0.0,0.0
2024-04-06 17:00:00,0.0,5,4,0.0,0.0
2024-04-06 18:00:00,0.0,5,4,0.0,0.0
2024-04-06 19:00:00,0.0,5,4,0.0,0.0
2024-04-06 20:00:00,0.0,5,4,0.0,0.0
2024-04-06 21:00:00,0.0,5,4,0.0,0.0
2024-04-06 22:00:00,0.0,5,4,0.0,0.0
2024-04-06 23:00:00,0.0,5,4,0.0,0.0
2024-04-07 00:00:00,0.0,6,4,0.0,0.0
2024-04-07 01:00:00,0.0,6,4,0.0,0.0
2024-04-07 02:00:00,0.0,6,4,0.0,0.0
2024-04-07 03:00:00,0.0,6,4,0.0,0.0
2024-04-07 04:00:00,0.0,6,4,0.0,0.0
2024-04-07 05:00:00,0.0,6,4,0.0,0.0
2024-04-07 06:00:00,0.0,6,4,0.0,0.0
2024-04-07 07:00:00,689.58,6,4,0.0,0.0
2024-04-07 08:00:00,625.27,6,4,689.58,0.0
2024-04-07 09:00:00,560.96,6,4,625.27,689.58
2024-04-07 10:00:00,614.07,6,4,560.96,625.27
2024-04-07 11:00:00,564.24,6,4,614.07,560.96
2024-04-07 12:00:00,548.93,6,4,564.24,614.07
2024-04-07 13:00:00,533.62,6,4,548.93,564.24
2024-04-07 14:00:00,569.5,6,4,533.62,548.93
2024-04-07 15:00:00,568.84,6,4,569.5,533.62
2024-04-07 16:00:00,568.18,6,4,568.84,569.5
2024-04-07 17:00:00,532.02,6,4,568.18,568.84
2024-04-07 18:00:00,0.0,6,4,532.02,568.18
2024-04-07 19:00:00,0.0,6,4,0.0,532.02
2024-04-07 20:00:00,0.0,6,4,0.0,0.0
2024-04-07 21:00:00,0.0,6,4,0.0,0.0
2024-04-07 22:00:00,0.0,6,4,0.0,0.0
2024-04-07 23:00:00,0.0,6,4,0.0,0.0
2024-04-13 00:00:00,0.0,5,4,0.0,0.0
2024-04-13 01:00:00,0.0,5,4,0.0,0.0
2024-04-13 02:00:00,0.0,5,4,0.0,0.0
2024-04-13 03:00:00,0.0,5,4,0.0,0.0
2024-04-13 04:00:00,0.0,5,4,0.0,0.0
2024-04-13 05:00:00,0.0,5,4,0.0,0.0
2024-04-13 06:00:00,0.0,5,4,0.0,0.0
2024-04-13 07:00:00,0.0,5,4,0.0,0.0
2024-04-13 08:00:00,0.0,5,4,0.0,0.0
2024-04-13 09:00:00,0.0,5,4,0.0,0.0
2024-04-13 10:00:00,0.0,5,4,0.0,0.0
2024-04-13 11:00:00,0.0,5,4,0.0,0.0
2024-04-13 12:00:00,0.0,5,4,0.0,0.0
2024-04-13 13:00:00,0.0,5,4,0.0,0.0
2024-04-13 14:00:00,0.0,5,4,0.0,0.0
2024-04-13 15:00:00,0.0,5,4,0.0,0.0
2024-04-13 16:00:00,0.0,5,4,0.0,0.0
2024-04-13 17:00:00,0.0,5,4,0.0,0.0
2024-04-13 18:00:00,0.0,5,4,0.0,0.0
2024-04-13 19:00:00,0.0,5,4,0.0,0.0
2024-04-13 20:00:00,0.0,5,4,0.0,0.0
2024-04-13 21:00:00,0.0,5,4,0.0,0.0
2024-04-13 22:00:00,0.0,5,4,0.0,0.0
2024-04-13 23:00:00,0.0,5,4,0.0,0.0
2024-04-14 00:00:00,0.0,6,4,0.0,0.0
2024-04-14 01:00:00,0.0,6,4,0.0,0.0
2024-04-14 02:00:00,0.0,6,4,0.0,0.0
2024-04-14 03:00:00,0.0,6,4,0.0,0.0
2024-04-14 04:00:00,0.0,6,4,0.0,0.0
2024-04-14 05:00:00,0.0,6,4,0.0,0.0
2024-04-14 06:00:00,0.0,6,4,0.0,0.0
2024-04-14 07:00:00,689.58,6,4,0.0,0.0
2024-04-14 08:00:00,625.27,6,4,689.58,0.0
2024-04-14 09:00:00,560.96,6,4,625.27,689.58
2024-04-14 10:00:00,614.07,6,4,560.96,625.27
2024-04-14 11:00:00,564.24,6,4,614.07,560.96
2024-04-14 12:00:00,548.93,6,4,564.24,614.07
2024-04-14 13:00:00,533.62,6,4,548.93,564.24
2024-04-14 14:00:00,569.5,6,4,533.62,548.93
2024-04-14 15:00:00,568.84,6,4,569.5,533.62
2024-04-14 16:00:00,568.18,6,4,568.84,569.5
2024-04-14 17:00:00,532.02,6,4,568.18,568.84
2024-04-14 18:00:00,0.0,6,4,532.02,568.18
2024-04-14 19:00:00,0.0,6,4,0.0,532.02
2024-04-14 20:00:00,0.0,6,4,0.0,0.0
2024-04-14 21:00:00,0.0,6,4,0.0,0.0
2024-04-14 22:00:00,0.0,6,4,0.0,0.0
2024-04-14 23:00:00,0.0,6,4,0.0,0.0
2024-04-15 00:00:00,0.0,0,4,0.0,0.0
2024-04-20 00:00:00,0.0,5,4,0.0,0.0
2024-04-20 01:00:00,0.0,5,4,0.0,0.0
2024-04-20 02:00:00,0.0,5,4,0.0,0.0
2024-04-20 03:00:00,0.0,5,4,0.0,0.0
2024-04-20 04:00:00,0.0,5,4,0.0,0.0
2024-04-20 05:00:00,0.0,5,4,0.0,0.0
2024-04-20 06:00:00,0.0,5,4,0.0,0.0
2024-04-20 07:00:00,0.0,5,4,0.0,0.0
2024-04-20 08:00:00,0.0,5,4,0.0,0.0
2024-04-20 09:00:00,0.0,5,4,0.0,0.0
2024-04-20 10:00:00,0.0,5,4,0.0,0.0
2024-04-20 11:00:00,0.0,5,4,0.0,0.0
2024-04-20 12:00:00,0.0,5,4,0.0,0.0
2024-04-20 13:00:00,0.0,5,4,0.0,0.0
2024-04-20 14:00:00,0.0,5,4,0.0,0.0
2024-04-20 15:00:00,0.0,5,4,0.0,0.0
2024-04-20 16:00:00,0.0,5,4,0.0,0.0
2024-04-20 17:00:00,0.0,5,4,0.0,0.0
2024-04-20 18:00:00,0.0,5,4,0.0,0.0
2024-04-20 19:00:00,0.0,5,4,0.0,0.0
2024-04-20 20:00:00,0.0,5,4,0.0,0.0
2024-04-20 21:00:00,0.0,5,4,0.0,0.0
2024-04-20 22:00:00,0.0,5,4,0.0,0.0
2024-04-20 23:00:00,0.0,5,4,0.0,0.0
2024-04-21 00:00:00,0.0,6,4,0.0,0.0
2024-04-21 01:00:00,0.0,6,4,0.0,0.0
2024-04-21 02:00:00,0.0,6,4,0.0,0.0
2024-04-21 03:00:00,0.0,6,4,0.0,0.0
2024-04-21 04:00:00,0.0,6,4,0.0,0.0
2024-04-21 05:00:00,0.0,6,4,0.0,0.0
2024-04-21 06:00:00,0.0,6,4,0.0,0.0
2024-04-21 07:00:00,0.0,6,4,0.0,0.0
2024-04-21 08:00:00,0.0,6,4,0.0,0.0
2024-04-21 09:00:00,0.0,6,4,0.0,0.0
2024-04-21 10:00:00,0.0,6,4,0.0,0.0
2024-04-21 11:00:00,0.0,6,4,0.0,0.0
2024-04-21 12:00:00,0.0,6,4,0.0,0.0
2024-04-21 13:00:00,0.0,6,4,0.0,0.0
2024-04-21 14:00:00,0.0,6,4,0.0,0.0
2024-04-21 15:00:00,0.0,6,4,0.0,0.0
2024-04-21 16:00:00,0.0,6,4,0.0,0.0
2024-04-21 17:00:00,0.0,6,4,0.0,0.0
2024-04-21 18:00:00,0.0,6,4,0.0,0.0
2024-04-21 19:00:00,0.0,6,4,0.0,0.0
2024-04-21 20:00:00,0.0,6,4,0.0,0.0
2024-04-21 21:00:00,0.0,6,4,0.0,0.0
2024-04-21 22:00:00,0.0,6,4,0.0,0.0
2024-04-21 23:00:00,0.0,6,4,0.0,0.0
2024-04-27 00:00:00,0.0,5,4,0.0,0.0
2024-04-27 01:00:00,0.0,5,4,0.0,0.0
2024-04-27 02:00:00,0.0,5,4,0.0,0.0
2024-04-27 03:00:00,0.0,5,4,0.0,0.0
2024-04-27 04:00:00,0.0,5,4,0.0,0.0
2024-04-27 05:00:00,0.0,5,4,0.0,0.0
2024-04-27 06:00:00,0.0,5,4,0.0,0.0
2024-04-27 07:00:00,0.0,5,4,0.0,0.0
2024-04-27 08:00:00,0.0,5,4,0.0,0.0
2024-04-27 09:00:00,0.0,5,4,0.0,0.0
2024-04-27 10:00:00,0.0,5,4,0.0,0.0
2024-04-27 11:00:00,0.0,5,4,0.0,0.0
2024-04-27 12:00:00,0.0,5,4,0.0,0.0
2024-04-27 13:00:00,0.0,5,4,0.0,0.0
2024-04-27 14:00:00,0.0,5,4,0.0,0.0
2024-04-27 15:00:00,0.0,5,4,0.0,0.0
2024-04-27 16:00:00,0.0,5,4,0.0,0.0
2024-04-27 17:00:00,0.0,5,4,0.0,0.0
2024-04-27 18:00:00,0.0,5,4,0.0,0.0
2024-04-27 19:00:00,0.0,5,4,0.0,0.0
2024-04-27 20:00:00,0.0,5,4,0.0,0.0
2024-04-27 21:00:00,0.0,5,4,0.0,0.0
2024-04-27 22:00:00,0.0,5,4,0.0,0.0
2024-04-27 23:00:00,0.0,5,4,0.0,0.0
2024-04-28 00:00:00,0.0,6,4,0.0,0.0
2024-04-28 01:00:00,0.0,6,4,0.0,0.0
2024-04-28 02:00:00,0.0,6,4,0.0,0.0
2024-04-28 03:00:00,0.0,6,4,0.0,0.0
2024-04-28 04:00:00,0.0,6,4,0.0,0.0
2024-04-28 05:00:00,0.0,6,4,0.0,0.0
2024-04-28 06:00:00,0.0,6,4,0.0,0.0
2024-04-28 07:00:00,0.0,6,4,0.0,0.0
2024-04-28 08:00:00,0.0,6,4,0.0,0.0
2024-04-28 09:00:00,0.0,6,4,0.0,0.0
2024-04-28 10:00:00,0.0,6,4,0.0,0.0
2024-04-28 11:00:00,0.0,6,4,0.0,0.0
2024-04-28 12:00:00,0.0,6,4,0.0,0.0
2024-04-28 13:00:00,0.0,6,4,0.0,0.0
2024-04-28 14:00:00,0.0,6,4,0.0,0.0
2024-04-28 15:00:00,0.0,6,4,0.0,0.0
2024-04-28 16:00:00,0.0,6,4,0.0,0.0
2024-04-28 17:00:00,0.0,6,4,0.0,0.0
2024-04-28 18:00:00,0.0,6,4,0.0,0.0
2024-04-28 19:00:00,0.0,6,4,0.0,0.0
2024-04-28 20:00:00,0.0,6,4,0.0,0.0
2024-04-28 21:00:00,0.0,6,4,0.0,0.0
2024-04-28 22:00:00,0.0,6,4,0.0,0.0
2024-04-28 23:00:00,0.0,6,4,0.0,0.0
2024-05-01 00:00:00,0.0,2,5,0.0,0.0
2024-05-04 00:00:00,0.0,5,5,0.0,0.0
2024-05-04 01:00:00,0.0,5,5,0.0,0.0
2024-05-04 02:00:00,0.0,5,5,0.0,0.0
2024-05-04 03:00:00,0.0,5,5,0.0,0.0
2024-05-04 04:00:00,0.0,5,5,0.0,0.0
2024-05-04 05:00:00,0.0,5,5,0.0,0.0
2024-05-04 06:00:00,468.88,5,5,0.0,0.0
2024-05-04 07:00:00,554.23,5,5,468.88,0.0
2024-05-04 08:00:00,639.58,5,5,554.23,468.88
2024-05-04 09:00:00,597.74,5,5,639.58,554.23
2024-05-04 10:00:00,588.12,5,5,597.74,639.58
2024-05-04 11:00:00,585.655,5,5,588.12,597.74
2024-05-04 12:00:00,583.19,5,5,585.655,588.12
2024-05-04 13:00:00,583.35,5,5,583.19,585.655
2024-05-04 14:00:00,562.39,5,5,583.35,583.19
2024-05-04 15:00:00,553.69,5,5,562.39,583.35
2024-05-04 16:00:00,544.99,5,5,553.69,562.39
2024-05-04 17:00:00,516.92,5,5,544.99,553.69
2024-05-04 18:00:00,258.46,5,5,516.92,544.99
2024-05-04 19:00:00,0.0,5,5,258.46,516.92
2024-05-04 20:00:00,0.0,5,5,0.0,258.46
2024-05-04 21:00:00,0.0,5,5,0.0,0.0
2024-05-04 22:00:00,0.0,5,5,0.0,0.0
2024-05-04 23:00:00,0.0,5,5,0.0,0.0
2024-05-05 00:00:00,0.0,6,5,0.0,0.0
2024-05-05 01:00:00,0.0,6,5,0.0,0.0
2024-05-05 02:00:00,0.0,6,5,0.0,0.0
2024-05-05 03:00:00,0.0,6,5,0.0,0.0
2024-05-05 04:00:00,0.0,6,5,0.0,0.0
2024-05-05 05:00:00,0.0,6,5,0.0,0.0
2024-05-05 06:00:00,0.0,6,5,0.0,0.0
2024-05-05 07:00:00,0.0,6,5,0.0,0.0
2024-05-05 08:00:00,0.0,6,5,0.0,0.0
2024-05-05 09:00:00,0.0,6,5,0.0,0.0
2024-05-05 10:00:00,0.0,6,5,0.0,0.0
2024-05-05 11:00:00,0.0,6,5,0.0,0.0
2024-05-05 12:00:00,0.0,6,5,0.0,0.0
2024-05-05 13:00:00,0.0,6,5,0.0,0.0
2024-05-05 14:00:00,0.0,6,5,0.0,0.0
2024-05-05 15:00:00,0.0,6,5,0.0,0.0
2024-05-05 16:00:00,0.0,6,5,0.0,0.0
2024-05-05 17:00:00,0.0,6,5,0.0,0.0
2024-05-05 18:00:00,0.0,6,5,0.0,0.0
2024-05-05 19:00:00,0.0,6,5,0.0,0.0
2024-05-05 20:00:00,0.0,6,5,0.0,0.0
2024-05-05 21:00:00,0.0,6,5,0.0,0.0
2024-05-05 22:00:00,0.0,6,5,0.0,0.0
2024-05-05 23:00:00,0.0,6,5,0.0,0.0
2024-05-11 00:00:00,0.0,5,5,0.0,0.0
2024-05-11 01:00:00,0.0,5,5,0.0,0.0
2024-05-11 02:00:00,0.0,5,5,0.0,0.0
2024-05-11 03:00:00,0.0,5,5,0.0,0.0
2024-05-11 04:00:00,0.0,5,5,0.0,0.0
2024-05-11 05:00:00,0.0,5,5,0.0,0.0
2024-05-11 06:00:00,468.88,5,5,0.0,0.0
2024-05-11 07:00:00,554.23,5,5,468.88,0.0
2024-05-11 08:00:00,639.58,5,5,554.23,468.88
2024-05-11 09:00:00,597.74,5,5,639.58,554.23
2024-05-11 10:00:00,588.12,5,5,597.74,639.58
2024-05-11 11:00:00,585.655,5,5,588.12,597.74
2024-05-11 12:00:00,583.19,5,5,585.655,588.12
2024-05-11 13:00:00,583.35,5,5,583.19,585.655
2024-05-11 14:00:00,562.39,5,5,583.35,583.19
2024-05-11 15:00:00,553.69,5,5,562.39,583.35
2024-05-11 16:00:00,544.99,5,5,553.69,562.39
2024-05-11 17:00:00,516.92,5,5,544.99,553.69
2024-05-11 18:00:00,258.46,5,5,516.92,544.99
2024-05-11 19:00:00,0.0,5,5,258.46,516.92
2024-05-11 20:00:00,0.0,5,5,0.0,258.46
2024-05-11 21:00:00,0.0,5,5,0.0,0.0
2024-05-11 22:00:00,0.0,5,5,0.0,0.0
2024-05-11 23:00:00,0.0,5,5,0.0,0.0
2024-05-12 00:00:00,0.0,6,5,0.0,0.0
2024-05-12 01:00:00,0.0,6,5,0.0,0.0
2024-05-12 02:00:00,0.0,6,5,0.0,0.0
2024-05-12 03:00:00,0.0,6,5,0.0,0.0
2024-05-12 04:00:00,0.0,6,5,0.0,0.0
2024-05-12 05:00:00,0.0,6,5,0.0,0.0
2024-05-12 06:00:00,0.0,6,5,0.0,0.0
2024-05-12 07:00:00,0.0,6,5,0.0,0.0
2024-05-12 08:00:00,0.0,6,5,0.0,0.0
2024-05-12 09:00:00,0.0,6,5,0.0,0.0
2024-05-12 10:00:00,0.0,6,5,0.0,0.0
2024-05-12 11:00:00,0.0,6,5,0.0,0.0
2024-05-12 12:00:00,0.0,6,5,0.0,0.0
2024-05-12 13:00:00,0.0,6,5,0.0,0.0
2024-05-12 14:00:00,0.0,6,5,0.0,0.0
2024-05-12 15:00:00,0.0,6,5,0.0,0.0
2024-05-12 16:00:00,0.0,6,5,0.0,0.0
2024-05-12 17:00:00,0.0,6,5,0.0,0.0
2024-05-12 18:00:00,0.0,6,5,0.0,0.0
2024-05-12 19:00:00,0.0,6,5,0.0,0.0
2024-05-12 20:00:00,0.0,6,5,0.0,0.0
2024-05-12 21:00:00,0.0,6,5,0.0,0.0
2024-05-12 22:00:00,0.0,6,5,0.0,0.0
2024-05-12 23:00:00,0.0,6,5,0.0,0.0
2024-05-18 00:00:00,0.0,5,5,0.0,0.0
2024-05-18 01:00:00,0.0,5,5,0.0,0.0
2024-05-18 02:00:00,0.0,5,5,0.0,0.0
2024-05-18 03:00:00,0.0,5,5,0.0,0.0
2024-05-18 04:00:00,0.0,5,5,0.0,0.0
2024-05-18 05:00:00,0.0,5,5,0.0,0.0
2024-05-18 06:00:00,0.0,5,5,0.0,0.0
2024-05-18 07:00:00,938.04,5,5,0.0,0.0
2024-05-18 08:00:00,842.115,5,5,938.04,0.0
2024-05-18 09:00:00,746.19,5,5,842.115,938.04
2024-05-18 10:00:00,712.69,5,5,746.19,842.115
2024-05-18 11:00:00,699.1,5,5,712.69,746.19
2024-05-18 12:00:00,715.96,5,5,699.1,712.69
2024-05-18 13:00:00,732.82,5,5,715.96,699.1
2024-05-18 14:00:00,722.93,5,5,732.82,715.96
2024-05-18 15:00:00,703.53,5,5,722.93,732.82
2024-05-18 16:00:00,650.28,5,5,703.53,722.93
2024-05-18 17:00:00,597.03,5,5,650.28,703.53
2024-05-18 18:00:00,218.09,5,5,597.03,650.28
2024-05-18 19:00:00,109.045,5,5,218.09,597.03
2024-05-18 20:00:00,0.0,5,5,109.045,218.09
2024-05-18 21:00:00,0.0,5,5,0.0,109.045
2024-05-18 22:00:00,0.0,5,5,0.0,0.0
2024-05-18 23:00:00,0.0,5,5,0.0,0.0
2024-05-19 00:00:00,0.0,6,5,0.0,0.0
2024-05-19 01:00:00,0.0,6,5,0.0,0.0
2024-05-19 02:00:00,0.0,6,5,0.0,0.0
2024-05-19 03:00:00,0.0,6,5,0.0,0.0
2024-05-19 04:00:00,0.0,6,5,0.0,0.0
2024-05-19 05:00:00,0.0,6,5,0.0,0.0
2024-05-19 06:00:00,468.88,6,5,0.0,0.0
2024-05-19 07:00:00,554.23,6,5,468.88,0.0
2024-05-19 08:00:00,639.58,6,5,554.23,468.88
2024-05-19 09:00:00,597.74,6,5,639.58,554.23
2024-05-19 10:00:00,588.12,6,5,597.74,639.58
2024-05-19 11:00:00,585.655,6,5,588.12,597.74
2024-05-19 12:00:00,583.19,6,5,585.655,588.12
2024-05-19 13:00:00,583.35,6,5,583.19,585.655
2024-05-19 14:00:00,562.39,6,5,583.35,583.19
2024-05-19 15:00:00,553.69,6,5,562.39,583.35
2024-05-19 16:00:00,544.99,6,5,553.69,562.39
2024-05-19 17:00:00,516.92,6,5,544.99,553.69
2024-05-19 18:00:00,258.46,6,5,516.92,544.99
2024-05-19 19:00:00,0.0,6,5,258.46,516.92
2024-05-19 20:00:00,0.0,6,5,0.0,258.46
2024-05-19 21:00:00,0.0,6,5,0.0,0.0
2024-05-19 22:00:00,0.0,6,5,0.0,0.0
2024-05-19 23:00:00,0.0,6,5,0.0,0.0
2024-05-22 00:00:00,0.0,2,5,0.0,0.0
2024-05-25 00:00:00,0.0,5,5,0.0,0.0
2024-05-25 01:00:00,0.0,5,5,0.0,0.0
2024-05-25 02:00:00,0.0,5,5,0.0,0.0
2024-05-25 03:00:00,0.0,5,5,0.0,0.0
2024-05-25 04:00:00,0.0,5,5,0.0,0.0
2024-05-25 05:00:00,0.0,5,5,0.0,0.0
2024-05-25 06:00:00,0.0,5,5,0.0,0.0
2024-05-25 07:00:00,938.04,5,5,0.0,0.0
2024-05-25 08:00:00,842.115,5,5,938.04,0.0
2024-05-25 09:00:00,746.19,5,5,842.115,938.04
2024-05-25 10:00:00,712.69,5,5,746.19,842.115
2024-05-25 11:00:00,699.1,5,5,712.69,746.19
2024-05-25 12:00:00,715.96,5,5,699.1,712.69
2024-05-25 13:00:00,732.82,5,5,715.96,699.1
2024-05-25 14:00:00,722.93,5,5,732.82,715.96
2024-05-25 15:00:00,703.53,5,5,722.93,732.82
2024-05-25 16:00:00,650.28,5,5,703.53,722.93
2024-05-25 17:00:00,597.03,5,5,650.28,703.53
2024-05-25 18:00:00,218.09,5,5,597.03,650.28
2024-05-25 19:00:00,109.045,5,5,218.09,597.03
2024-05-25 20:00:00,0.0,5,5,109.045,218.09
2024-05-25 21:00:00,0.0,5,5,0.0,109.045
2024-05-25 22:00:00,0.0,5,5,0.0,0.0
2024-05-25 23:00:00,0.0,5,5,0.0,0.0
2024-05-26 00:00:00,0.0,6,5,0.0,0.0
2024-05-26 01:00:00,0.0,6,5,0.0,0.0
2024-05-26 02:00:00,0.0,6,5,0.0,0.0
2024-05-26 03:00:00,0.0,6,5,0.0,0.0
2024-05-26 04:00:00,0.0,6,5,0.0,0.0
2024-05-26 05:00:00,0.0,6,5,0.0,0.0
2024-05-26 06:00:00,468.88,6,5,0.0,0.0
2024-05-26 07:00:00,554.23,6,5,468.88,0.0
2024-05-26 08:00:00,639.58,6,5,554.23,468.88
2024-05-26 09:00:00,597.74,6,5,639.58,554.23
2024-05-26 10:00:00,588.12,6,5,597.74,639.58
2024-05-26 11:00:00,585.655,6,5,588.12,597.74
2024-05-26 12:00:00,583.19,6,5,585.655,588.12
2024-05-26 13:00:00,583.35,6,5,583.19,585.655
2024-05-26 14:00:00,562.39,6,5,583.35,583.19
2024-05-26 15:00:00,553.69,6,5,562.39,583.35
2024-05-26 16:00:00,544.99,6,5,553.69,562.39
2024-05-26 17:00:00,516.92,6,5,544.99,553.69
2024-05-26 18:00:00,258.46,6,5,516.92,544.99
2024-05-26 19:00:00,0.0,6,5,258.46,516.92
2024-05-26 20:00:00,0.0,6,5,0.0,258.46
2024-05-26 21:00:00,0.0,6,5,0.0,0.0
2024-05-26 22:00:00,0.0,6,5,0.0,0.0
2024-05-26 23:00:00,0.0,6,5,0.0,0.0
2024-06-01 00:00:00,0.0,5,6,0.0,0.0
2024-06-01 01:00:00,0.0,5,6,0.0,0.0
2024-06-01 02:00:00,0.0,5,6,0.0,0.0
2024-06-01 03:00:00,0.0,5,6,0.0,0.0
2024-06-01 04:00:00,0.0,5,6,0.0,0.0
2024-06-01 05:00:00,0.0,5,6,0.0,0.0
2024-06-01 06:00:00,0.0,5,6,0.0,0.0
2024-06-01 07:00:00,468.46,5,6,0.0,0.0
2024-06-01 08:00:00,625.63,5,6,468.46,0.0
2024-06-01 09:00:00,616.615,5,6,625.63,468.46
2024-06-01 10:00:00,607.6,5,6,616.615,625.63
2024-06-01 11:00:00,635.91,5,6,607.6,616.615
2024-06-01 12:00:00,596.96,5,6,635.91,607.6
2024-06-01 13:00:00,594.345,5,6,596.96,635.91
2024-06-01 14:00:00,591.73,5,6,594.345,596.96
2024-06-01 15:00:00,576.67,5,6,591.73,594.345
2024-06-01 16:00:00,564.6,5,6,576.67,591.73
2024-06-01 17:00:00,282.3,5,6,564.6,576.67
2024-06-01 18:00:00,0.0,5,6,282.3,564.6
2024-06-01 19:00:00,0.0,5,6,0.0,282.3
2024-06-01 20:00:00,0.0,5,6,0.0,0.0
2024-06-01 21:00:00,0.0,5,6,0.0,0.0
2024-06-01 22:00:00,0.0,5,6,0.0,0.0
2024-06-01 23:00:00,0.0,5,6,0.0,0.0
2024-06-02 00:00:00,0.0,6,6,0.0,0.0
2024-06-02 01:00:00,0.0,6,6,0.0,0.0
2024-06-02 02:00:00,0.0,6,6,0.0,0.0
2024-06-02 03:00:00,0.0,6,6,0.0,0.0
2024-06-02 04:00:00,0.0,6,6,0.0,0.0
2024-06-02 05:00:00,0.0,6,6,0.0,0.0
2024-06-02 06:00:00,0.0,6,6,0.0,0.0
2024-06-02 07:00:00,938.04,6,6,0.0,0.0
2024-06-02 08:00:00,842.115,6,6,938.04,0.0
2024-06-02 09:00:00,746.19,6,6,842.115,938.04
2024-06-02 10:00:00,712.69,6,6,746.19,842.115
2024-06-02 11:00:00,699.1,6,6,712.69,746.19
2024-06-02 12:00:00,715.96,6,6,699.1,712.69
2024-06-02 13:00:00,732.82,6,6,715.96,699.1
2024-06-02 14:00:00,722.93,6,6,732.82,715.96
2024-06-02 15:00:00,703.53,6,6,722.93,732.82
2024-06-02 16:00:00,650.28,6,6,703.53,722.93
2024-06-02 17:00:00,597.03,6,6,650.28,703.53
2024-06-02 18:00:00,218.09,6,6,597.03,650.28
2024-06-02 19:00:00,109.045,6,6,218.09,597.03
2024-06-02 20:00:00,0.0,6,6,109.045,218.09
2024-06-02 21:00:00,0.0,6,6,0.0,109.045
2024-06-02 22:00:00,0.0,6,6,0.0,0.0
2024-06-02 23:00:00,0.0,6,6,0.0,0.0
2024-06-03 00:00:00,0.0,0,6,0.0,0.0
2024-06-08 00:00:00,0.0,5,6,0.0,0.0
2024-06-08 01:00:00,0.0,5,6,0.0,0.0
2024-06-08 02:00:00,0.0,5,6,0.0,0.0
2024-06-08 03:00:00,0.0,5,6,0.0,0.0
2024-06-08 04:00:00,0.0,5,6,0.0,0.0
2024-06-08 05:00:00,0.0,5,6,0.0,0.0
2024-06-08 06:00:00,0.0,5,6,0.0,0.0
2024-06-08 07:00:00,468.46,5,6,0.0,0.0
2024-06-08 08:00:00,625.63,5,6,468.46,0.0
2024-06-08 09:00:00,616.615,5,6,625.63,468.46
2024-06-08 10:00:00,607.6,5,6,616.615,625.63
2024-06-08 11:00:00,635.91,5,6,607.6,616.615
2024-06-08 12:00:00,596.96,5,6,635.91,607.6
2024-06-08 13:00:00,594.345,5,6,596.96,635.91
2024-06-08 14:00:00,591.73,5,6,594.345,596.96
2024-06-08 15:00:00,576.67,5,6,591.73,594.345
2024-06-08 16:00:00,564.6,5,6,576.67,591.73
2024-06-08 17:00:00,282.3,5,6,564.6,576.67
2024-06-08 18:00:00,0.0,5,6,282.3,564.6
2024-06-08 19:00:00,0.0,5,6,0.0,282.3
2024-06-08 20:00:00,0.0,5,6,0.0,0.0
2024-06-08 21:00:00,0.0,5,6,0.0,0.0
2024-06-08 22:00:00,0.0,5,6,0.0,0.0
2024-06-08 23:00:00,0.0,5,6,0.0,0.0
2024-06-09 00:00:00,0.0,6,6,0.0,0.0
2024-06-09 01:00:00,0.0,6,6,0.0,0.0
2024-06-09 02:00:00,0.0,6,6,0.0,0.0
2024-06-09 03:00:00,0.0,6,6,0.0,0.0
2024-06-09 04:00:00,0.0,6,6,0.0,0.0
2024-06-09 05:00:00,0.0,6,6,0.0,0.0
2024-06-09 06:00:00,0.0,6,6,0.0,0.0
2024-06-09 07:00:00,938.04,6,6,0.0,0.0
2024-06-09 08:00:00,842.115,6,6,938.04,0.0
2024-06-09 09:00:00,746.19,6,6,842.115,938.04
2024-06-09 10:00:00,712.69,6,6,746.19,842.115
2024-06-09 11:00:00,699.1,6,6,712.69,746.19
2024-06-09 12:00:00,715.96,6,6,699.1,712.69
2024-06-09 13:00:00,732.82,6,6,715.96,699.1
2024-06-09 14:00:00,722.93,6,6,732.82,715.96
2024-06-09 15:00:00,703.53,6,6,722.93,732.82
2024-06-09 16:00:00,650.28,6,6,703.53,722.93
2024-06-09 17:00:00,597.03,6,6,650.28,703.53
2024-06-09 18:00:00,218.09,6,6,597.03,650.28
2024-06-09 19:00:00,109.045,6,6,218.09,597.03
2024-06-09 20:00:00,0.0,6,6,109.045,218.09
2024-06-09 21:00:00,0.0,6,6,0.0,109.045
2024-06-09 22:00:00,0.0,6,6,0.0,0.0
2024-06-09 23:00:00,0.0,6,6,0.0,0.0
2024-06-15 00:00:00,0.0,5,6,0.0,0.0
2024-06-15 01:00:00,0.0,5,6,0.0,0.0
2024-06-15 02:00:00,0.0,5,6,0.0,0.0
2024-06-15 03:00:00,0.0,5,6,0.0,0.0
2024-06-15 04:00:00,0.0,5,6,0.0,0.0
2024-06-15 05:00:00,0.0,5,6,0.0,0.0
2024-06-15 06:00:00,235.51,5,6,0.0,0.0
2024-06-15 07:00:00,471.02,5,6,235.51,0.0
2024-06-15 08:00:00,579.14,5,6,471.02,235.51
2024-06-15 09:00:00,576.17,5,6,579.14,471.02
2024-06-15 10:00:00,570.75,5,6,576.17,579.14
2024-06-15 11:00:00,565.33,5,6,570.75,576.17
2024-06-15 12:00:00,569.27,5,6,565.33,570.75
2024-06-15 13:00:00,577.94,5,6,569.27,565.33
2024-06-15 14:00:00,567.875,5,6,577.94,569.27
2024-06-15 15:00:00,557.81,5,6,567.875,577.94
2024-06-15 16:00:00,545.31,5,6,557.81,567.875
2024-06-15 17:00:00,74.65,5,6,545.31,557.81
2024-06-15 18:00:00,37.325,5,6,74.65,545.31
2024-06-15 19:00:00,0.0,5,6,37.325,74.65
2024-06-15 20:00:00,0.0,5,6,0.0,37.325
2024-06-15 21:00:00,0.0,5,6,0.0,0.0
2024-06-15 22:00:00,0.0,5,6,0.0,0.0
2024-06-15 23:00:00,0.0,5,6,0.0,0.0
2024-06-16 00:00:00,0.0,6,6,0.0,0.0
2024-06-16 01:00:00,0.0,6,6,0.0,0.0
2024-06-16 02:00:00,0.0,6,6,0.0,0.0
2024-06-16 03:00:00,0.0,6,6,0.0,0.0
2024-06-16 04:00:00,0.0,6,6,0.0,0.0
2024-06-16 05:00:00,0.0,6,6,0.0,0.0
2024-06-16 06:00:00,0.0,6,6,0.0,0.0
2024-06-16 07:00:00,468.46,6,6,0.0,0.0
2024-06-16 08:00:00,625.63,6,6,468.46,0.0
2024-06-16 09:00:00,616.615,6,6,625.63,468.46
2024-06-16 10:00:00,607.6,6,6,616.615,625.63
2024-06-16 11:00:00,635.91,6,6,607.6,616.615
2024-06-16 12:00:00,596.96,6,6,635.91,607.6
2024-06-16 13:00:00,594.345,6,6,596.96,635.91
2024-06-16 14:00:00,591.73,6,6,594.345,596.96
2024-06-16 15:00:00,576.67,6,6,591.73,594.345
2024-06-16 16:00:00,564.6,6,6,576.67,591.73
2024-06-16 17:00:00,282.3,6,6,564.6,576.67
2024-06-16 18:00:00,0.0,6,6,282.3,564.6
2024-06-16 19:00:00,0.0,6,6,0.0,282.3
2024-06-16 20:00:00,0.0,6,6,0.0,0.0
2024-06-16 21:00:00,0.0,6,6,0.0,0.0
2024-06-16 22:00:00,0.0,6,6,0.0,0.0
2024-06-16 23:00:00,0.0,6,6,0.0,0.0
2024-06-22 00:00:00,0.0,5,6,0.0,0.0
2024-06-22 01:00:00,0.0,5,6,0.0,0.0
2024-06-22 02:00:00,0.0,5,6,0.0,0.0
2024-06-22 03:00:00,0.0,5,6,0.0,0.0
2024-06-22 04:00:00,0.0,5,6,0.0,0.0
2024-06-22 05:00:00,0.0,5,6,0.0,0.0
2024-06-22 06:00:00,235.51,5,6,0.0,0.0
2024-06-22 07:00:00,471.02,5,6,235.51,0.0
2024-06-22 08:00:00,579.14,5,6,471.02,235.51
2024-06-22 09:00:00,576.17,5,6,579.14,471.02
2024-06-22 10:00:00,570.75,5,6,576.17,579.14
2024-06-22 11:00:00,565.33,5,6,570.75,576.17
2024-06-22 12:00:00,569.27,5,6,565.33,570.75
2024-06-22 13:00:00,577.94,5,6,569.27,565.33
2024-06-22 14:00:00,567.875,5,6,577.94,569.27
2024-06-22 15:00:00,557.81,5,6,567.875,577.94
2024-06-22 16:00:00,545.31,5,6,557.81,567.875
2024-06-22 17:00:00,74.65,5,6,545.31,557.81
2024-06-22 18:00:00,37.325,5,6,74.65,545.31
2024-06-22 19:00:00,0.0,5,6,37.325,74.65
2024-06-22 20:00:00,0.0,5,6,0.0,37.325
2024-06-22 21:00:00,0.0,5,6,0.0,0.0
2024-06-22 22:00:00,0.0,5,6,0.0,0.0
2024-06-22 23:00:00,0.0,5,6,0.0,0.0
2024-06-23 00:00:00,0.0,6,6,0.0,0.0
2024-06-23 01:00:00,0.0,6,6,0.0,0.0
2024-06-23 02:00:00,0.0,6,6,0.0,0.0
2024-06-23 03:00:00,0.0,6,6,0.0,0.0
2024-06-23 04:00:00,0.0,6,6,0.0,0.0
2024-06-23 05:00:00,0.0,6,6,0.0,0.0
2024-06-23 06:00:00,0.0,6,6,0.0,0.0
2024-06-23 07:00:00,468.46,6,6,0.0,0.0
2024-06-23 08:00:00,625.63,6,6,468.46,0.0
2024-06-23 09:00:00,616.615,6,6,625.63,468.46
2024-06-23 10:00:00,607.6,6,6,616.615,625.63
2024-06-23 11:00:00,635.91,6,6,607.6,616.615
2024-06-23 12:00:00,596.96,6,6,635.91,607.6
2024-06-23 13:00:00,594.345,6,6,596.96,635.91
2024-06-23 14:00:00,591.73,6,6,594.345,596.96
2024-06-23 15:00:00,576.67,6,6,591.73,594.345
2024-06-23 16:00:00,564.6,6,6,576.67,591.73
2024-06-23 17:00:00,282.3,6,6,564.6,576.67
2024-06-23 18:00:00,0.0,6,6,282.3,564.6
2024-06-23 19:00:00,0.0,6,6,0.0,282.3
2024-06-23 20:00:00,0.0,6,6,0.0,0.0
2024-06-23 21:00:00,0.0,6,6,0.0,0.0
2024-06-23 22:00:00,0.0,6,6,0.0,0.0
2024-06-23 23:00:00,0.0,6,6,0.0,0.0
2024-06-29 00:00:00,0.0,5,6,0.0,0.0
2024-06-29 01:00:00,0.0,5,6,0.0,0.0
2024-06-29 02:00:00,0.0,5,6,0.0,0.0
2024-06-29 03:00:00,0.0,5,6,0.0,0.0
2024-06-29 04:00:00,0.0,5,6,0.0,0.0
2024-06-29 05:00:00,0.0,5,6,0.0,0.0
2024-06-29 06:00:00,0.0,5,6,0.0,0.0
2024-06-29 07:00:00,689.58,5,6,0.0,0.0
2024-06-29 08:00:00,625.27,5,6,689.58,0.0
2024-06-29 09:00:00,560.96,5,6,625.27,689.58
2024-06-29 10:00:00,614.07,5,6,560.96,625.27
2024-06-29 11:00:00,564.24,5,6,614.07,560.96
2024-06-29 12:00:00,548.93,5,6,564.24,614.07
2024-06-29 13:00:00,533.62,5,6,548.93,564.24
2024-06-29 14:00:00,569.5,5,6,533.62,548.93
2024-06-29 15:00:00,568.84,5,6,569.5,533.62
2024-06-29 16:00:00,568.18,5,6,568.84,569.5
2024-06-29 17:00:00,532.02,5,6,568.18,568.84
2024-06-29 18:00:00,0.0,5,6,532.02,568.18
2024-06-29 19:00:00,0.0,5,6,0.0,532.02
2024-06-29 20:00:00,0.0,5,6,0.0,0.0
2024-06-29 21:00:00,0.0,5,6,0.0,0.0
2024-06-29 22:00:00,0.0,5,6,0.0,0.0
2024-06-29 23:00:00,0.0,5,6,0.0,0.0
2024-06-30 00:00:00,0.0,6,6,0.0,0.0
2024-06-30 01:00:00,0.0,6,6,0.0,0.0
2024-06-30 02:00:00,0.0,6,6,0.0,0.0
2024-06-30 03:00:00,0.0,6,6,0.0,0.0
2024-06-30 04:00:00,0.0,6,6,0.0,0.0
2024-06-30 05:00:00,0.0,6,6,0.0,0.0
2024-06-30 06:00:00,235.51,6,6,0.0,0.0
2024-06-30 07:00:00,471.02,6,6,235.51,0.0
2024-06-30 08:00:00,579.14,6,6,471.02,235.51
2024-06-30 09:00:00,576.17,6,6,579.14,471.02
2024-06-30 10:00:00,570.75,6,6,576.17,579.14
2024-06-30 11:00:00,565.33,6,6,570.75,576.17
2024-06-30 12:00:00,569.27,6,6,565.33,570.75
2024-06-30 13:00:00,577.94,6,6,569.27,565.33
2024-06-30 14:00:00,567.875,6,6,577.94,569.27
2024-06-30 15:00:00,557.81,6,6,567.875,577.94
2024-06-30 16:00:00,545.31,6,6,557.81,567.875
2024-06-30 17:00:00,74.65,6,6,545.31,557.81
2024-06-30 18:00:00,37.325,6,6,74.65,545.31
2024-06-30 19:00:00,0.0,6,6,37.325,74.65
2024-06-30 20:00:00,0.0,6,6,0.0,37.325
2024-06-30 21:00:00,0.0,6,6,0.0,0.0
2024-06-30 22:00:00,0.0,6,6,0.0,0.0
2024-06-30 23:00:00,0.0,6,6,0.0,0.0
2024-07-06 00:00:00,0.0,5,7,0.0,0.0
2024-07-06 01:00:00,0.0,5,7,0.0,0.0
2024-07-06 02:00:00,0.0,5,7,0.0,0.0
2024-07-06 03:00:00,0.0,5,7,0.0,0.0
2024-07-06 04:00:00,0.0,5,7,0.0,0.0
2024-07-06 05:00:00,0.0,5,7,0.0,0.0
2024-07-06 06:00:00,0.0,5,7,0.0,0.0
2024-07-06 07:00:00,689.58,5,7,0.0,0.0
2024-07-06 08:00:00,625.27,5,7,689.58,0.0
2024-07-06 09:00:00,560.96,5,7,625.27,689.58
2024-07-06 10:00:00,614.07,5,7,560.96,625.27
2024-07-06 11:00:00,564.24,5,7,614.07,560.96
2024-07-06 12:00:00,548.93,5,7,564.24,614.07
2024-07-06 13:00:00,533.62,5,7,548.93,564.24
2024-07-06 14:00:00,569.5,5,7,533.62,548.93
2024-07-06 15:00:00,568.84,5,7,569.5,533.62
2024-07-06 16:00:00,568.18,5,7,568.84,569.5
2024-07-06 17:00:00,532.02,5,7,568.18,568.84
2024-07-06 18:00:00,0.0,5,7,532.02,568.18
2024-07-06 19:00:00,0.0,5,7,0.0,532.02
2024-07-06 20:00:00,0.0,5,7,0.0,0.0
2024-07-06 21:00:00,0.0,5,7,0.0,0.0
2024-07-06 22:00:00,0.0,5,7,0.0,0.0
2024-07-06 23:00:00,0.0,5,7,0.0,0.0
2024-07-07 00:00:00,0.0,6,7,0.0,0.0
2024-07-07 01:00:00,0.0,6,7,0.0,0.0
2024-07-07 02:00:00,0.0,6,7,0.0,0.0
2024-07-07 03:00:00,0.0,6,7,0.0,0.0
2024-07-07 04:00:00,0.0,6,7,0.0,0.0
2024-07-07 05:00:00,0.0,6,7,0.0,0.0
2024-07-07 06:00:00,235.51,6,7,0.0,0.0
2024-07-07 07:00:00,471.02,6,7,235.51,0.0
2024-07-07 08:00:00,579.14,6,7,471.02,235.51
2024-07-07 09:00:00,576.17,6,7,579.14,471.02
2024-07-07 10:00:00,570.75,6,7,576.17,579.14
2024-07-07 11:00:00,565.33,6,7,570.75,576.17
2024-07-07 12:00:00,569.27,6,7,565.33,570.75
2024-07-07 13:00:00,577.94,6,7,569.27,565.33
2024-07-07 14:00:00,567.875,6,7,577.94,569.27
2024-07-07 15:00:00,557.81,6,7,567.875,577.94
2024-07-07 16:00:00,545.31,6,7,557.81,567.875
2024-07-07 17:00:00,74.65,6,7,545.31,557.81
2024-07-07 18:00:00,37.325,6,7,74.65,545.31
2024-07-07 19:00:00,0.0,6,7,37.325,74.65
2024-07-07 20:00:00,0.0,6,7,0.0,37.325
2024-07-07 21:00:00,0.0,6,7,0.0,0.0
2024-07-07 22:00:00,0.0,6,7,0.0,0.0
2024-07-07 23:00:00,0.0,6,7,0.0,0.0
2024-07-13 00:00:00,0.0,5,7,0.0,0.0
2024-07-13 01:00:00,0.0,5,7,0.0,0.0
2024-07-13 02:00:00,0.0,5,7,0.0,0.0
2024-07-13 03:00:00,0.0,5,7,0.0,0.0
2024-07-13 04:00:00,0.0,5,7,0.0,0.0
2024-07-13 05:00:00,0.0,5,7,0.0,0.0
2024-07-13 06:00:00,0.0,5,7,0.0,0.0
2024-07-13 07:00:00,689.58,5,7,0.0,0.0
2024-07-13 08:00:00,625.27,5,7,689.58,0.0
2024-07-13 09:00:00,560.96,5,7,625.27,689.58
2024-07-13 10:00:00,614.07,5,7,560.96,625.27
2024-07-13 11:00:00,564.24,5,7,614.07,560.96
2024-07-13 12:00:00,548.93,5,7,564.24,614.07
2024-07-13 13:00:00,533.62,5,7,548.93,564.24
2024-07-13 14:00:00,569.5,5,7,533.62,548.93
2024-07-13 15:00:00,568.84,5,7,569.5,533.62
2024-07-13 16:00:00,568.18,5,7,568.84,569.5
2024-07-13 17:00:00,532.02,5,7,568.18,568.84
2024-07-13 18:00:00,0.0,5,7,532.02,568.18
2024-07-13 19:00:00,0.0,5,7,0.0,532.02
2024-07-13 20:00:00,0.0,5,7,0.0,0.0
2024-07-13 21:00:00,0.0,5,7,0.0,0.0
2024-07-13 22:00:00,0.0,5,7,0.0,0.0
2024-07-13 23:00:00,0.0,5,7,0.0,0.0
2024-07-14 00:00:00,0.0,6,7,0.0,0.0
2024-07-14 01:00:00,0.0,6,7,0.0,0.0
2024-07-14 02:00:00,0.0,6,7,0.0,0.0
2024-07-14 03:00:00,0.0,6,7,0.0,0.0
2024-07-14 04:00:00,0.0,6,7,0.0,0.0
2024-07-14 05:00:00,0.0,6,7,0.0,0.0
2024-07-14 06:00:00,0.0,6,7,0.0,0.0
2024-07-14 07:00:00,689.58,6,7,0.0,0.0
2024-07-14 08:00:00,625.27,6,7,689.58,0.0
2024-07-14 09:00:00,560.96,6,7,625.27,689.58
2024-07-14 10:00:00,614.07,6,7,560.96,625.27
2024-07-14 11:00:00,564.24,6,7,614.07,560.96
2024-07-14 12:00:00,548.93,6,7,564.24,614.07
2024-07-14 13:00:00,533.62,6,7,548.93,564.24
2024-07-14 14:00:00,569.5,6,7,533.62,548.93
2024-07-14 15:00:00,568.84,6,7,569.5,533.62
2024-07-14 16:00:00,568.18,6,7,568.84,569.5
2024-07-14 17:00:00,532.02,6,7,568.18,568.84
2024-07-14 18:00:00,0.0,6,7,532.02,568.18
2024-07-14 19:00:00,0.0,6,7,0.0,532.02
2024-07-14 20:00:00,0.0,6,7,0.0,0.0
2024-07-14 21:00:00,0.0,6,7,0.0,0.0
2024-07-14 22:00:00,0.0,6,7,0.0,0.0
2024-07-14 23:00:00,0.0,6,7,0.0,0.0
2024-07-20 00:00:00,0.0,5,7,0.0,0.0
2024-07-20 01:00:00,0.0,5,7,0.0,0.0
2024-07-20 02:00:00,0.0,5,7,0.0,0.0
2024-07-20 03:00:00,0.0,5,7,0.0,0.0
2024-07-20 04:00:00,0.0,5,7,0.0,0.0
2024-07-20 05:00:00,0.0,5,7,0.0,0.0
2024-07-20 06:00:00,0.0,5,7,0.0,0.0
2024-07-20 07:00:00,0.0,5,7,0.0,0.0
2024-07-20 08:00:00,0.0,5,7,0.0,0.0
2024-07-20 09:00:00,0.0,5,7,0.0,0.0
2024-07-20 10:00:00,0.0,5,7,0.0,0.0
2024-07-20 11:00:00,0.0,5,7,0.0,0.0
2024-07-20 12:00:00,0.0,5,7,0.0,0.0
2024-07-20 13:00:00,0.0,5,7,0.0,0.0
2024-07-20 14:00:00,0.0,5,7,0.0,0.0
2024-07-20 15:00:00,0.0,5,7,0.0,0.0
2024-07-20 16:00:00,0.0,5,7,0.0,0.0
2024-07-20 17:00:00,0.0,5,7,0.0,0.0
2024-07-20 18:00:00,0.0,5,7,0.0,0.0
2024-07-20 19:00:00,0.0,5,7,0.0,0.0
2024-07-20 20:00:00,0.0,5,7,0.0,0.0
2024-07-20 21:00:00,0.0,5,7,0.0,0.0
2024-07-20 22:00:00,0.0,5,7,0.0,0.0
2024-07-20 23:00:00,0.0,5,7,0.0,0.0
2024-07-21 00:00:00,0.0,6,7,0.0,0.0
2024-07-21 01:00:00,0.0,6,7,0.0,0.0
2024-07-21 02:00:00,0.0,6,7,0.0,0.0
2024-07-21 03:00:00,0.0,6,7,0.0,0.0
2024-07-21 04:00:00,0.0,6,7,0.0,0.0
2024-07-21 05:00:00,0.0,6,7,0.0,0.0
2024-07-21 06:00:00,0.0,6,7,0.0,0.0
2024-07-21 07:00:00,689.58,6,7,0.0,0.0
2024-07-21 08:00:00,625.27,6,7,689.58,0.0
2024-07-21 09:00:00,560.96,6,7,625.27,689.58
2024-07-21 10:00:00,614.07,6,7,560.96,625.27
2024-07-21 11:00:00,564.24,6,7,614.07,560.96
2024-07-21 12:00:00,548.93,6,7,564.24,614.07
2024-07-21 13:00:00,533.62,6,7,548.93,564.24
2024-07-21 14:00:00,569.5,6,7,533.62,548.93
2024-07-21 15:00:00,568.84,6,7,569.5,533.62
2024-07-21 16:00:00,568.18,6,7,568.84,569.5
2024-07-21 17:00:00,532.02,6,7,568.18,568.84
2024-07-21 18:00:00,0.0,6,7,532.02,568.18
2024-07-21 19:00:00,0.0,6,7,0.0,532.02
2024-07-21 20:00:00,0.0,6,7,0.0,0.0
2024-07-21 21:00:00,0.0,6,7,0.0,0.0
2024-07-21 22:00:00,0.0,6,7,0.0,0.0
2024-07-21 23:00:00,0.0,6,7,0.0,0.0
2024-07-27 00:00:00,0.0,5,7,0.0,0.0
2024-07-27 01:00:00,0.0,5,7,0.0,0.0
2024-07-27 02:00:00,0.0,5,7,0.0,0.0
2024-07-27 03:00:00,0.0,5,7,0.0,0.0
2024-07-27 04:00:00,0.0,5,7,0.0,0.0
2024-07-27 05:00:00,0.0,5,7,0.0,0.0
2024-07-27 06:00:00,0.0,5,7,0.0,0.0
2024-07-27 07:00:00,0.0,5,7,0.0,0.0
2024-07-27 08:00:00,0.0,5,7,0.0,0.0
2024-07-27 09:00:00,0.0,5,7,0.0,0.0
2024-07-27 10:00:00,0.0,5,7,0.0,0.0
2024-07-27 11:00:00,0.0,5,7,0.0,0.0
2024-07-27 12:00:00,0.0,5,7,0.0,0.0
2024-07-27 13:00:00,0.0,5,7,0.0,0.0
2024-07-27 14:00:00,0.0,5,7,0.0,0.0
2024-07-27 15:00:00,0.0,5,7,0.0,0.0
2024-07-27 16:00:00,0.0,5,7,0.0,0.0
2024-07-27 17:00:00,0.0,5,7,0.0,0.0
2024-07-27 18:00:00,0.0,5,7,0.0,0.0
2024-07-27 19:00:00,0.0,5,7,0.0,0.0
2024-07-27 20:00:00,0.0,5,7,0.0,0.0
2024-07-27 21:00:00,0.0,5,7,0.0,0.0
2024-07-27 22:00:00,0.0,5,7,0.0,0.0
2024-07-27 23:00:00,0.0,5,7,0.0,0.0
2024-07-28 00:00:00,0.0,6,7,0.0,0.0
2024-07-28 01:00:00,0.0,6,7,0.0,0.0
2024-07-28 02:00:00,0.0,6,7,0.0,0.0
2024-07-28 03:00:00,0.0,6,7,0.0,0.0
2024-07-28 04:00:00,0.0,6,7,0.0,0.0
2024-07-28 05:00:00,0.0,6,7,0.0,0.0
2024-07-28 06:00:00,0.0,6,7,0.0,0.0
2024-07-28 07:00:00,689.58,6,7,0.0,0.0
2024-07-28 08:00:00,625.27,6,7,689.58,0.0
2024-07-28 09:00:00,560.96,6,7,625.27,689.58
2024-07-28 10:00:00,614.07,6,7,560.96,625.27
2024-07-28 11:00:00,564.24,6,7,614.07,560.96
2024-07-28 12:00:00,548.93,6,7,564.24,614.07
2024-07-28 13:00:00,533.62,6,7,548.93,564.24
2024-07-28 14:00:00,569.5,6,7,533.62,548.93
2024-07-28 15:00:00,568.84,6,7,569.5,533.62
2024-07-28 16:00:00,568.18,6,7,568.84,569.5
2024-07-28 17:00:00,532.02,6,7,568.18,568.84
2024-07-28 18:00:00,0.0,6,7,532.02,568.18
2024-07-28 19:00:00,0.0,6,7,0.0,532.02
2024-07-28 20:00:00,0.0,6,7,0.0,0.0
2024-07-28 21:00:00,0.0,6,7,0.0,0.0
2024-07-28 22:00:00,0.0,6,7,0.0,0.0
2024-07-28 23:00:00,0.0,6,7,0.0,0.0
2024-08-03 00:00:00,0.0,5,8,0.0,0.0
2024-08-03 01:00:00,0.0,5,8,0.0,0.0
2024-08-03 02:00:00,0.0,5,8,0.0,0.0
2024-08-03 03:00:00,0.0,5,8,0.0,0.0
2024-08-03 04:00:00,0.0,5,8,0.0,0.0
2024-08-03 05:00:00,0.0,5,8,0.0,0.0
2024-08-03 06:00:00,0.0,5,8,0.0,0.0
2024-08-03 07:00:00,0.0,5,8,0.0,0.0
2024-08-03 08:00:00,0.0,5,8,0.0,0.0
2024-08-03 09:00:00,0.0,5,8,0.0,0.0
2024-08-03 10:00:00,0.0,5,8,0.0,0.0
2024-08-03 11:00:00,0.0,5,8,0.0,0.0
2024-08-03 12:00:00,0.0,5,8,0.0,0.0
2024-08-03 13:00:00,0.0,5,8,0.0,0.0
2024-08-03 14:00:00,0.0,5,8,0.0,0.0
2024-08-03 15:00:00,0.0,5,8,0.0,0.0
2024-08-03 16:00:00,0.0,5,8,0.0,0.0
2024-08-03 17:00:00,0.0,5,8,0.0,0.0
2024-08-03 18:00:00,0.0,5,8,0.0,0.0
2024-08-03 19:00:00,0.0,5,8,0.0,0.0
2024-08-03 20:00:00,0.0,5,8,0.0,0.0
2024-08-03 21:00:00,0.0,5,8,0.0,0.0
2024-08-03 22:00:00,0.0,5,8,0.0,0.0
2024-08-03 23:00:00,0.0,5,8,0.0,0.0
2024-08-04 00:00:00,0.0,6,8,0.0,0.0
2024-08-04 01:00:00,0.0,6,8,0.0,0.0
2024-08-04 02:00:00,0.0,6,8,0.0,0.0
2024-08-04 03:00:00,0.0,6,8,0.0,0.0
2024-08-04 04:00:00,0.0,6,8,0.0,0.0
2024-08-04 05:00:00,0.0,6,8,0.0,0.0
2024-08-04 06:00:00,0.0,6,8,0.0,0.0
2024-08-04 07:00:00,0.0,6,8,0.0,0.0
2024-08-04 08:00:00,0.0,6,8,0.0,0.0
2024-08-04 09:00:00,0.0,6,8,0.0,0.0
2024-08-04 10:00:00,0.0,6,8,0.0,0.0
2024-08-04 11:00:00,0.0,6,8,0.0,0.0
2024-08-04 12:00:00,0.0,6,8,0.0,0.0
2024-08-04 13:00:00,0.0,6,8,0.0,0.0
2024-08-04 14:00:00,0.0,6,8,0.0,0.0
2024-08-04 15:00:00,0.0,6,8,0.0,0.0
2024-08-04 16:00:00,0.0,6,8,0.0,0.0
2024-08-04 17:00:00,0.0,6,8,0.0,0.0
2024-08-04 18:00:00,0.0,6,8,0.0,0.0
2024-08-04 19:00:00,0.0,6,8,0.0,0.0
2024-08-04 20:00:00,0.0,6,8,0.0,0.0
2024-08-04 21:00:00,0.0,6,8,0.0,0.0
2024-08-04 22:00:00,0.0,6,8,0.0,0.0
2024-08-04 23:00:00,0.0,6,8,0.0,0.0
2024-08-10 00:00:00,0.0,5,8,0.0,0.0
2024-08-10 01:00:00,0.0,5,8,0.0,0.0
2024-08-10 02:00:00,0.0,5,8,0.0,0.0
2024-08-10 03:00:00,0.0,5,8,0.0,0.0
2024-08-10 04:00:00,0.0,5,8,0.0,0.0
2024-08-10 05:00:00,0.0,5,8,0.0,0.0
2024-08-10 06:00:00,0.0,5,8,0.0,0.0
2024-08-10 07:00:00,0.0,5,8,0.0,0.0
2024-08-10 08:00:00,0.0,5,8,0.0,0.0
2024-08-10 09:00:00,0.0,5,8,0.0,0.0
2024-08-10 10:00:00,0.0,5,8,0.0,0.0
2024-08-10 11:00:00,0.0,5,8,0.0,0.0
2024-08-10 12:00:00,0.0,5,8,0.0,0.0
2024-08-10 13:00:00,0.0,5,8,0.0,0.0
2024-08-10 14:00:00,0.0,5,8,0.0,0.0
2024-08-10 15:00:00,0.0,5,8,0.0,0.0
2024-08-10 16:00:00,0.0,5,8,0.0,0.0
2024-08-10 17:00:00,0.0,5,8,0.0,0.0
2024-08-10 18:00:00,0.0,5,8,0.0,0.0
2024-08-10 19:00:00,0.0,5,8,0.0,0.0
2024-08-10 20:00:00,0.0,5,8,0.0,0.0
2024-08-10 21:00:00,0.0,5,8,0.0,0.0
2024-08-10 22:00:00,0.0,5,8,0.0,0.0
2024-08-10 23:00:00,0.0,5,8,0.0,0.0
2024-08-11 00:00:00,0.0,6,8,0.0,0.0
2024-08-11 01:00:00,0.0,6,8,0.0,0.0
2024-08-11 02:00:00,0.0,6,8,0.0,0.0
2024-08-11 03:00:00,0.0,6,8,0.0,0.0
2024-08-11 04:00:00,0.0,6,8,0.0,0.0
2024-08-11 05:00:00,0.0,6,8,0.0,0.0
2024-08-11 06:00:00,0.0,6,8,0.0,0.0
2024-08-11 07:00:00,0.0,6,8,0.0,0.0
2024-08-11 08:00:00,0.0,6,8,0.0,0.0
2024-08-11 09:00:00,0.0,6,8,0.0,0.0
2024-08-11 10:00:00,0.0,6,8,0.0,0.0
2024-08-11 11:00:00,0.0,6,8,0.0,0.0
2024-08-11 12:00:00,0.0,6,8,0.0,0.0
2024-08-11 13:00:00,0.0,6,8,0.0,0.0
2024-08-11 14:00:00,0.0,6,8,0.0,0.0
2024-08-11 15:00:00,0.0,6,8,0.0,0.0
2024-08-11 16:00:00,0.0,6,8,0.0,0.0
2024-08-11 17:00:00,0.0,6,8,0.0,0.0
2024-08-11 18:00:00,0.0,6,8,0.0,0.0
2024-08-11 19:00:00,0.0,6,8,0.0,0.0
2024-08-11 20:00:00,0.0,6,8,0.0,0.0
2024-08-11 21:00:00,0.0,6,8,0.0,0.0
2024-08-11 22:00:00,0.0,6,8,0.0,0.0
2024-08-11 23:00:00,0.0,6,8,0.0,0.0
2024-08-12 00:00:00,0.0,0,8,0.0,0.0
2024-08-17 00:00:00,0.0,5,8,0.0,0.0
2024-08-17 01:00:00,0.0,5,8,0.0,0.0
2024-08-17 02:00:00,0.0,5,8,0.0,0.0
2024-08-17 03:00:00,0.0,5,8,0.0,0.0
2024-08-17 04:00:00,0.0,5,8,0.0,0.0
2024-08-17 05:00:00,0.0,5,8,0.0,0.0
2024-08-17 06:00:00,468.88,5,8,0.0,0.0
2024-08-17 07:00:00,554.23,5,8,468.88,0.0
2024-08-17 08:00:00,639.58,5,8,554.23,468.88
2024-08-17 09:00:00,597.74,5,8,639.58,554.23
2024-08-17 10:00:00,588.12,5,8,597.74,639.58
2024-08-17 11:00:00,585.655,5,8,588.12,597.74
2024-08-17 12:00:00,583.19,5,8,585.655,588.12
2024-08-17 13:00:00,583.35,5,8,583.19,585.655
2024-08-17 14:00:00,562.39,5,8,583.35,583.19
2024-08-17 15:00:00,553.69,5,8,562.39,583.35
2024-08-17 16:00:00,544.99,5,8,553.69,562.39
2024-08-17 17:00:00,516.92,5,8,544.99,553.69
2024-08-17 18:00:00,258.46,5,8,516.92,544.99
2024-08-17 19:00:00,0.0,5,8,258.46,516.92
2024-08-17 20:00:00,0.0,5,8,0.0,258.46
2024-08-17 21:00:00,0.0,5,8,0.0,0.0
2024-08-17 22:00:00,0.0,5,8,0.0,0.0
2024-08-17 23:00:00,0.0,5,8,0.0,0.0
2024-08-18 00:00:00,0.0,6,8,0.0,0.0
2024-08-18 01:00:00,0.0,6,8,0.0,0.0
2024-08-18 02:00:00,0.0,6,8,0.0,0.0
2024-08-18 03:00:00,0.0,6,8,0.0,0.0
2024-08-18 04:00:00,0.0,6,8,0.0,0.0
2024-08-18 05:00:00,0.0,6,8,0.0,0.0
2024-08-18 06:00:00,0.0,6,8,0.0,0.0
2024-08-18 07:00:00,0.0,6,8,0.0,0.0
2024-08-18 08:00:00,0.0,6,8,0.0,0.0
2024-08-18 09:00:00,0.0,6,8,0.0,0.0
2024-08-18 10:00:00,0.0,6,8,0.0,0.0
2024-08-18 11:00:00,0.0,6,8,0.0,0.0
2024-08-18 12:00:00,0.0,6,8,0.0,0.0
2024-08-18 13:00:00,0.0,6,8,0.0,0.0
2024-08-18 14:00:00,0.0,6,8,0.0,0.0
2024-08-18 15:00:00,0.0,6,8,0.0,0.0
2024-08-18 16:00:00,0.0,6,8,0.0,0.0
2024-08-18 17:00:00,0.0,6,8,0.0,0.0
2024-08-18 18:00:00,0.0,6,8,0.0,0.0
2024-08-18 19:00:00,0.0,6,8,0.0,0.0
2024-08-18 20:00:00,0.0,6,8,0.0,0.0
2024-08-18 21:00:00,0.0,6,8,0.0,0.0
2024-08-18 22:00:00,0.0,6,8,0.0,0.0
2024-08-18 23:00:00,0.0,6,8,0.0,0.0
2024-08-24 00:00:00,0.0,5,8,0.0,0.0
2024-08-24 01:00:00,0.0,5,8,0.0,0.0
2024-08-24 02:00:00,0.0,5,8,0.0,0.0
2024-08-24 03:00:00,0.0,5,8,0.0,0.0
2024-08-24 04:00:00,0.0,5,8,0.0,0.0
2024-08-24 05:00:00,0.0,5,8,0.0,0.0
2024-08-24 06:00:00,468.88,5,8,0.0,0.0
2024-08-24 07:00:00,554.23,5,8,468.88,0.0
2024-08-24 08:00:00,639.58,5,8,554.23,468.88
2024-08-24 09:00:00,597.74,5,8,639.58,554.23
2024-08-24 10:00:00,588.12,5,8,597.74,639.58
2024-08-24 11:00:00,585.655,5,8,588.12,597.74
2024-08-24 12:00:00,583.19,5,8,585.655,588.12
2024-08-24 13:00:00,583.35,5,8,583.19,585.655
2024-08-24 14:00:00,562.39,5,8,583.35,583.19
2024-08-24 15:00:00,553.69,5,8,562.39,583.35
2024-08-24 16:00:00,544.99,5,8,553.69,562.39
2024-08-24 17:00:00,516.92,5,8,544.99,553.69
2024-08-24 18:00:00,258.46,5,8,516.92,544.99
2024-08-24 19:00:00,0.0,5,8,258.46,516.92
2024-08-24 20:00:00,0.0,5,8,0.0,258.46
2024-08-24 21:00:00,0.0,5,8,0.0,0.0
2024-08-24 22:00:00,0.0,5,8,0.0,0.0
2024-08-24 23:00:00,0.0,5,8,0.0,0.0
2024-08-25 00:00:00,0.0,6,8,0.0,0.0
2024-08-25 01:00:00,0.0,6,8,0.0,0.0
2024-08-25 02:00:00,0.0,6,8,0.0,0.0
2024-08-25 03:00:00,0.0,6,8,0.0,0.0
2024-08-25 04:00:00,0.0,6,8,0.0,0.0
2024-08-25 05:00:00,0.0,6,8,0.0,0.0
2024-08-25 06:00:00,0.0,6,8,0.0,0.0
2024-08-25 07:00:00,0.0,6,8,0.0,0.0
2024-08-25 08:00:00,0.0,6,8,0.0,0.0
2024-08-25 09:00:00,0.0,6,8,0.0,0.0
2024-08-25 10:00:00,0.0,6,8,0.0,0.0
2024-08-25 11:00:00,0.0,6,8,0.0,0.0
2024-08-25 12:00:00,0.0,6,8,0.0,0.0
2024-08-25 13:00:00,0.0,6,8,0.0,0.0
2024-08-25 14:00:00,0.0,6,8,0.0,0.0
2024-08-25 15:00:00,0.0,6,8,0.0,0.0
2024-08-25 16:00:00,0.0,6,8,0.0,0.0
2024-08-25 17:00:00,0.0,6,8,0.0,0.0
2024-08-25 18:00:00,0.0,6,8,0.0,0.0
2024-08-25 19:00:00,0.0,6,8,0.0,0.0
2024-08-25 20:00:00,0.0,6,8,0.0,0.0
2024-08-25 21:00:00,0.0,6,8,0.0,0.0
2024-08-25 22:00:00,0.0,6,8,0.0,0.0
2024-08-25 23:00:00,0.0,6,8,0.0,0.0
2024-08-31 00:00:00,0.0,5,8,0.0,0.0
2024-08-31 01:00:00,0.0,5,8,0.0,0.0
2024-08-31 02:00:00,0.0,5,8,0.0,0.0
2024-08-31 03:00:00,0.0,5,8,0.0,0.0
2024-08-31 04:00:00,0.0,5,8,0.0,0.0
2024-08-31 05:00:00,0.0,5,8,0.0,0.0
2024-08-31 06:00:00,0.0,5,8,0.0,0.0
2024-08-31 07:00:00,938.04,5,8,0.0,0.0
2024-08-31 08:00:00,842.115,5,8,938.04,0.0
2024-08-31 09:00:00,746.19,5,8,842.115,938.04
2024-08-31 10:00:00,712.69,5,8,746.19,842.115
2024-08-31 11:00:00,699.1,5,8,712.69,746.19
2024-08-31 12:00:00,715.96,5,8,699.1,712.69
2024-08-31 13:00:00,732.82,5,8,715.96,699.1
2024-08-31 14:00:00,722.93,5,8,732.82,715.96
2024-08-31 15:00:00,703.53,5,8,722.93,732.82
2024-08-31 16:00:00,650.28,5,8,703.53,722.93
2024-08-31 17:00:00,597.03,5,8,650.28,703.53
2024-08-31 18:00:00,218.09,5,8,597.03,650.28
2024-08-31 19:00:00,109.045,5,8,218.09,597.03
2024-08-31 20:00:00,0.0,5,8,109.045,218.09
2024-08-31 21:00:00,0.0,5,8,0.0,109.045
2024-08-31 22:00:00,0.0,5,8,0.0,0.0
2024-08-31 23:00:00,0.0,5,8,0.0,0.0
2024-09-01 00:00:00,0.0,6,9,0.0,0.0
2024-09-01 01:00:00,0.0,6,9,0.0,0.0
2024-09-01 02:00:00,0.0,6,9,0.0,0.0
2024-09-01 03:00:00,0.0,6,9,0.0,0.0
2024-09-01 04:00:00,0.0,6,9,0.0,0.0
2024-09-01 05:00:00,0.0,6,9,0.0,0.0
2024-09-01 06:00:00,468.88,6,9,0.0,0.0
2024-09-01 07:00:00,554.23,6,9,468.88,0.0
2024-09-01 08:00:00,639.58,6,9,554.23,468.88
2024-09-01 09:00:00,597.74,6,9,639.58,554.23
2024-09-01 10:00:00,588.12,6,9,597.74,639.58
2024-09-01 11:00:00,585.655,6,9,588.12,597.74
2024-09-01 12:00:00,583.19,6,9,585.655,588.12
2024-09-01 13:00:00,583.35,6,9,583.19,585.655
2024-09-01 14:00:00,562.39,6,9,583.35,583.19
2024-09-01 15:00:00,553.69,6,9,562.39,583.35
2024-09-01 16:00:00,544.99,6,9,553.69,562.39
2024-09-01 17:00:00,516.92,6,9,544.99,553.69
2024-09-01 18:00:00,258.46,6,9,516.92,544.99
2024-09-01 19:00:00,0.0,6,9,258.46,516.92
2024-09-01 20:00:00,0.0,6,9,0.0,258.46
2024-09-01 21:00:00,0.0,6,9,0.0,0.0
2024-09-01 22:00:00,0.0,6,9,0.0,0.0
2024-09-01 23:00:00,0.0,6,9,0.0,0.0
2024-09-07 00:00:00,0.0,5,9,0.0,0.0
2024-09-07 01:00:00,0.0,5,9,0.0,0.0
2024-09-07 02:00:00,0.0,5,9,0.0,0.0
2024-09-07 03:00:00,0.0,5,9,0.0,0.0
2024-09-07 04:00:00,0.0,5,9,0.0,0.0
2024-09-07 05:00:00,0.0,5,9,0.0,0.0
2024-09-07 06:00:00,0.0,5,9,0.0,0.0
2024-09-07 07:00:00,938.04,5,9,0.0,0.0
2024-09-07 08:00:00,842.115,5,9,938.04,0.0
2024-09-07 09:00:00,746.19,5,9,842.115,938.04
2024-09-07 10:00:00,712.69,5,9,746.19,842.115
2024-09-07 11:00:00,699.1,5,9,712.69,746.19
2024-09-07 12:00:00,715.96,5,9,699.1,712.69
2024-09-07 13:00:00,732.82,5,9,715.96,699.1
2024-09-07 14:00:00,722.93,5,9,732.82,715.96
2024-09-07 15:00:00,703.53,5,9,722.93,732.82
2024-09-07 16:00:00,650.28,5,9,703.53,722.93
2024-09-07 17:00:00,597.03,5,9,650.28,703.53
2024-09-07 18:00:00,218.09,5,9,597.03,650.28
2024-09-07 19:00:00,109.045,5,9,218.09,597.03
2024-09-07 20:00:00,0.0,5,9,109.045,218.09
2024-09-07 21:00:00,0.0,5,9,0.0,109.045
2024-09-07 22:00:00,0.0,5,9,0.0,0.0
2024-09-07 23:00:00,0.0,5,9,0.0,0.0
2024-09-08 00:00:00,0.0,6,9,0.0,0.0
2024-09-08 01:00:00,0.0,6,9,0.0,0.0
2024-09-08 02:00:00,0.0,6,9,0.0,0.0
2024-09-08 03:00:00,0.0,6,9,0.0,0.0
2024-09-08 04:00:00,0.0,6,9,0.0,0.0
2024-09-08 05:00:00,0.0,6,9,0.0,0.0
2024-09-08 06:00:00,468.88,6,9,0.0,0.0
2024-09-08 07:00:00,554.23,6,9,468.88,0.0
2024-09-08 08:00:00,639.58,6,9,554.23,468.88
2024-09-08 09:00:00,597.74,6,9,639.58,554.23
2024-09-08 10:00:00,588.12,6,9,597.74,639.58
2024-09-08 11:00:00,585.655,6,9,588.12,597.74
2024-09-08 12:00:00,583.19,6,9,585.655,588.12
2024-09-08 13:00:00,583.35,6,9,583.19,585.655
2024-09-08 14:00:00,562.39,6,9,583.35,583.19
2024-09-08 15:00:00,553.69,6,9,562.39,583.35
2024-09-08 16:00:00,544.99,6,9,553.69,562.39
2024-09-08 17:00:00,516.92,6,9,544.99,553.69
2024-09-08 18:00:00,258.46,6,9,516.92,544.99
2024-09-08 19:00:00,0.0,6,9,258.46,516.92
2024-09-08 20:00:00,0.0,6,9,0.0,258.46
2024-09-08 21:00:00,0.0,6,9,0.0,0.0
2024-09-08 22:00:00,0.0,6,9,0.0,0.0
2024-09-08 23:00:00,0.0,6,9,0.0,0.0
2024-09-14 00:00:00,0.0,5,9,0.0,0.0
2024-09-14 01:00:00,0.0,5,9,0.0,0.0
2024-09-14 02:00:00,0.0,5,9,0.0,0.0
2024-09-14 03:00:00,0.0,5,9,0.0,0.0
2024-09-14 04:00:00,0.0,5,9,0.0,0.0
2024-09-14 05:00:00,0.0,5,9,0.0,0.0
2024-09-14 06:00:00,0.0,5,9,0.0,0.0
2024-09-14 07:00:00,468.46,5,9,0.0,0.0
2024-09-14 08:00:00,625.63,5,9,468.46,0.0
2024-09-14 09:00:00,616.615,5,9,625.63,468.46
2024-09-14 10:00:00,607.6,5,9,616.615,625.63
2024-09-14 11:00:00,635.91,5,9,607.6,616.615
2024-09-14 12:00:00,596.96,5,9,635.91,607.6
2024-09-14 13:00:00,594.345,5,9,596.96,635.91
2024-09-14 14:00:00,591.73,5,9,594.345,596.96
2024-09-14 15:00:00,576.67,5,9,591.73,594.345
2024-09-14 16:00:00,564.6,5,9,576.67,591.73
2024-09-14 17:00:00,282.3,5,9,564.6,576.67
2024-09-14 18:00:00,0.0,5,9,282.3,564.6
2024-09-14 19:00:00,0.0,5,9,0.0,282.3
2024-09-14 20:00:00,0.0,5,9,0.0,0.0
2024-09-14 21:00:00,0.0,5,9,0.0,0.0
2024-09-14 22:00:00,0.0,5,9,0.0,0.0
2024-09-14 23:00:00,0.0,5,9,0.0,0.0
2024-09-15 00:00:00,0.0,6,9,0.0,0.0
2024-09-15 01:00:00,0.0,6,9,0.0,0.0
2024-09-15 02:00:00,0.0,6,9,0.0,0.0
2024-09-15 03:00:00,0.0,6,9,0.0,0.0
2024-09-15 04:00:00,0.0,6,9,0.0,0.0
2024-09-15 05:00:00,0.0,6,9,0.0,0.0
2024-09-15 06:00:00,0.0,6,9,0.0,0.0
2024-09-15 07:00:00,938.04,6,9,0.0,0.0
2024-09-15 08:00:00,842.115,6,9,938.04,0.0
2024-09-15 09:00:00,746.19,6,9,842.115,938.04
2024-09-15 10:00:00,712.69,6,9,746.19,842.115
2024-09-15 11:00:00,699.1,6,9,712.69,746.19
2024-09-15 12:00:00,715.96,6,9,699.1,712.69
2024-09-15 13:00:00,732.82,6,9,715.96,699.1
2024-09-15 14:00:00,722.93,6,9,732.82,715.96
2024-09-15 15:00:00,703.53,6,9,722.93,732.82
2024-09-15 16:00:00,650.28,6,9,703.53,722.93
2024-09-15 17:00:00,597.03,6,9,650.28,703.53
2024-09-15 18:00:00,218.09,6,9,597.03,650.28
2024-09-15 19:00:00,109.045,6,9,218.09,597.03
2024-09-15 20:00:00,0.0,6,9,109.045,218.09
2024-09-15 21:00:00,0.0,6,9,0.0,109.045
2024-09-15 22:00:00,0.0,6,9,0.0,0.0
2024-09-15 23:00:00,0.0,6,9,0.0,0.0
2024-09-21 00:00:00,0.0,5,9,0.0,0.0
2024-09-21 01:00:00,0.0,5,9,0.0,0.0
2024-09-21 02:00:00,0.0,5,9,0.0,0.0
2024-09-21 03:00:00,0.0,5,9,0.0,0.0
2024-09-21 04:00:00,0.0,5,9,0.0,0.0
2024-09-21 05:00:00,0.0,5,9,0.0,0.0
2024-09-21 06:00:00,0.0,5,9,0.0,0.0
2024-09-21 07:00:00,468.46,5,9,0.0,0.0
2024-09-21 08:00:00,625.63,5,9,468.46,0.0
2024-09-21 09:00:00,616.615,5,9,625.63,468.46
2024-09-21 10:00:00,607.6,5,9,616.615,625.63
2024-09-21 11:00:00,635.91,5,9,607.6,616.615
2024-09-21 12:00:00,596.96,5,9,635.91,607.6
2024-09-21 13:00:00,594.345,5,9,596.96,635.91
2024-09-21 14:00:00,591.73,5,9,594.345,596.96
2024-09-21 15:00:00,576.67,5,9,591.73,594.345
2024-09-21 16:00:00,564.6,5,9,576.67,591.73
2024-09-21 17:00:00,282.3,5,9,564.6,576.67
2024-09-21 18:00:00,0.0,5,9,282.3,564.6
2024-09-21 19:00:00,0.0,5,9,0.0,282.3
2024-09-21 20:00:00,0.0,5,9,0.0,0.0
2024-09-21 21:00:00,0.0,5,9,0.0,0.0
2024-09-21 22:00:00,0.0,5,9,0.0,0.0
2024-09-21 23:00:00,0.0,5,9,0.0,0.0
2024-09-22 00:00:00,0.0,6,9,0.0,0.0
2024-09-22 01:00:00,0.0,6,9,0.0,0.0
2024-09-22 02:00:00,0.0,6,9,0.0,0.0
2024-09-22 03:00:00,0.0,6,9,0.0,0.0
2024-09-22 04:00:00,0.0,6,9,0.0,0.0
2024-09-22 05:00:00,0.0,6,9,0.0,0.0
2024-09-22 06:00:00,0.0,6,9,0.0,0.0
2024-09-22 07:00:00,938.04,6,9,0.0,0.0
2024-09-22 08:00:00,842.115,6,9,938.04,0.0
2024-09-22 09:00:00,746.19,6,9,842.115,938.04
2024-09-22 10:00:00,712.69,6,9,746.19,842.115
2024-09-22 11:00:00,699.1,6,9,712.69,746.19
2024-09-22 12:00:00,715.96,6,9,699.1,712.69
2024-09-22 13:00:00,732.82,6,9,715.96,699.1
2024-09-22 14:00:00,722.93,6,9,732.82,715.96
2024-09-22 15:00:00,703.53,6,9,722.93,732.82
2024-09-22 16:00:00,650.28,6,9,703.53,722.93
2024-09-22 17:00:00,597.03,6,9,650.28,703.53
2024-09-22 18:00:00,218.09,6,9,597.03,650.28
2024-09-22 19:00:00,109.045,6,9,218.09,597.03
2024-09-22 20:00:00,0.0,6,9,109.045,218.09
2024-09-22 21:00:00,0.0,6,9,0.0,109.045
2024-09-22 22:00:00,0.0,6,9,0.0,0.0
2024-09-22 23:00:00,0.0,6,9,0.0,0.0
2024-09-28 00:00:00,0.0,5,9,0.0,0.0
2024-09-28 01:00:00,0.0,5,9,0.0,0.0
2024-09-28 02:00:00,0.0,5,9,0.0,0.0
2024-09-28 03:00:00,0.0,5,9,0.0,0.0
2024-09-28 04:00:00,0.0,5,9,0.0,0.0
2024-09-28 05:00:00,0.0,5,9,0.0,0.0
2024-09-28 06:00:00,235.51,5,9,0.0,0.0
2024-09-28 07:00:00,471.02,5,9,235.51,0.0
2024-09-28 08:00:00,579.14,5,9,471.02,235.51
2024-09-28 09:00:00,576.17,5,9,579.14,471.02
2024-09-28 10:00:00,570.75,5,9,576.17,579.14
2024-09-28 11:00:00,565.33,5,9,570.75,576.17
2024-09-28 12:00:00,569.27,5,9,565.33,570.75
2024-09-28 13:00:00,577.94,5,9,569.27,565.33
2024-09-28 14:00:00,567.875,5,9,577.94,569.27
2024-09-28 15:00:00,557.81,5,9,567.875,577.94
2024-09-28 16:00:00,545.31,5,9,557.81,567.875
2024-09-28 17:00:00,74.65,5,9,545.31,557.81
2024-09-28 18:00:00,37.325,5,9,74.65,545.31
2024-09-28 19:00:00,0.0,5,9,37.325,74.65
2024-09-28 20:00:00,0.0,5,9,0.0,37.325
2024-09-28 21:00:00,0.0,5,9,0.0,0.0
2024-09-28 22:00:00,0.0,5,9,0.0,0.0
2024-09-28 23:00:00,0.0,5,9,0.0,0.0
2024-09-29 00:00:00,0.0,6,9,0.0,0.0
2024-09-29 01:00:00,0.0,6,9,0.0,0.0
2024-09-29 02:00:00,0.0,6,9,0.0,0.0
2024-09-29 03:00:00,0.0,6,9,0.0,0.0
2024-09-29 04:00:00,0.0,6,9,0.0,0.0
2024-09-29 05:00:00,0.0,6,9,0.0,0.0
2024-09-29 06:00:00,0.0,6,9,0.0,0.0
2024-09-29 07:00:00,468.46,6,9,0.0,0.0
2024-09-29 08:00:00,625.63,6,9,468.46,0.0
2024-09-29 09:00:00,616.615,6,9,625.63,468.46
2024-09-29 10:00:00,607.6,6,9,616.615,625.63
2024-09-29 11:00:00,635.91,6,9,607.6,616.615
2024-09-29 12:00:00,596.96,6,9,635.91,607.6
2024-09-29 13:00:00,594.345,6,9,596.96,635.91
2024-09-29 14:00:00,591.73,6,9,594.345,596.96
2024-09-29 15:00:00,576.67,6,9,591.73,594.345
2024-09-29 16:00:00,564.6,6,9,576.67,591.73
2024-09-29 17:00:00,282.3,6,9,564.6,576.67
2024-09-29 18:00:00,0.0,6,9,282.3,564.6
2024-09-29 19:00:00,0.0,6,9,0.0,282.3
2024-09-29 20:00:00,0.0,6,9,0.0,0.0
2024-09-29 21:00:00,0.0,6,9,0.0,0.0
2024-09-29 22:00:00,0.0,6,9,0.0,0.0
2024-09-29 23:00:00,0.0,6,9,0.0,0.0
2024-10-05 00:00:00,0.0,5,10,0.0,0.0
2024-10-05 01:00:00,0.0,5,10,0.0,0.0
2024-10-05 02:00:00,0.0,5,10,0.0,0.0
2024-10-05 03:00:00,0.0,5,10,0.0,0.0
2024-10-05 04:00:00,0.0,5,10,0.0,0.0
2024-10-05 05:00:00,0.0,5,10,0.0,0.0
2024-10-05 06:00:00,235.51,5,10,0.0,0.0
2024-10-05 07:00:00,471.02,5,10,235.51,0.0
2024-10-05 08:00:00,579.14,5,10,471.02,235.51
2024-10-05 09:00:00,576.17,5,10,579.14,471.02
2024-10-05 10:00:00,570.75,5,10,576.17,579.14
2024-10-05 11:00:00,565.33,5,10,570.75,576.17
2024-10-05 12:00:00,569.27,5,10,565.33,570.75
2024-10-05 13:00:00,577.94,5,10,569.27,565.33
2024-10-05 14:00:00,567.875,5,10,577.94,569.27
2024-10-05 15:00:00,557.81,5,10,567.875,577.94
2024-10-05 16:00:00,545.31,5,10,557.81,567.875
2024-10-05 17:00:00,74.65,5,10,545.31,557.81
2024-10-05 18:00:00,37.325,5,10,74.65,545.31
2024-10-05 19:00:00,0.0,5,10,37.325,74.65
2024-10-05 20:00:00,0.0,5,10,0.0,37.325
2024-10-05 21:00:00,0.0,5,10,0.0,0.0
2024-10-05 22:00:00,0.0,5,10,0.0,0.0
2024-10-05 23:00:00,0.0,5,10,0.0,0.0
2024-10-06 00:00:00,0.0,6,10,0.0,0.0
2024-10-06 01:00:00,0.0,6,10,0.0,0.0
2024-10-06 02:00:00,0.0,6,10,0.0,0.0
2024-10-06 03:00:00,0.0,6,10,0.0,0.0
2024-10-06 04:00:00,0.0,6,10,0.0,0.0
2024-10-06 05:00:00,0.0,6,10,0.0,0.0
2024-10-06 06:00:00,0.0,6,10,0.0,0.0
2024-10-06 07:00:00,468.46,6,10,0.0,0.0
2024-10-06 08:00:00,625.63,6,10,468.46,0.0
2024-10-06 09:00:00,616.615,6,10,625.63,468.46
2024-10-06 10:00:00,607.6,6,10,616.615,625.63
2024-10-06 11:00:00,635.91,6,10,607.6,616.615
2024-10-06 12:00:00,596.96,6,10,635.91,607.6
2024-10-06 13:00:00,594.345,6,10,596.96,635.91
2024-10-06 14:00:00,591.73,6,10,594.345,596.96
2024-10-06 15:00:00,576.67,6,10,591.73,594.345
2024-10-06 16:00:00,564.6,6,10,576.67,591.73
2024-10-06 17:00:00,282.3,6,10,564.6,576.67
2024-10-06 18:00:00,0.0,6,10,282.3,564.6
2024-10-06 19:00:00,0.0,6,10,0.0,282.3
2024-10-06 20:00:00,0.0,6,10,0.0,0.0
2024-10-06 21:00:00,0.0,6,10,0.0,0.0
2024-10-06 22:00:00,0.0,6,10,0.0,0.0
2024-10-06 23:00:00,0.0,6,10,0.0,0.0
2024-10-12 00:00:00,0.0,5,10,0.0,0.0
2024-10-12 01:00:00,0.0,5,10,0.0,0.0
2024-10-12 02:00:00,0.0,5,10,0.0,0.0
2024-10-12 03:00:00,0.0,5,10,0.0,0.0
2024-10-12 04:00:00,0.0,5,10,0.0,0.0
2024-10-12 05:00:00,0.0,5,10,0.0,0.0
2024-10-12 06:00:00,0.0,5,10,0.0,0.0
2024-10-12 07:00:00,689.58,5,10,0.0,0.0
2024-10-12 08:00:00,625.27,5,10,689.58,0.0
2024-10-12 09:00:00,560.96,5,10,625.27,689.58
2024-10-12 10:00:00,614.07,5,10,560.96,625.27
2024-10-12 11:00:00,564.24,5,10,614.07,560.96
2024-10-12 12:00:00,548.93,5,10,564.24,614.07
2024-10-12 13:00:00,533.62,5,10,548.93,564.24
2024-10-12 14:00:00,569.5,5,10,533.62,548.93
2024-10-12 15:00:00,568.84,5,10,569.5,533.62
2024-10-12 16:00:00,568.18,5,10,568.84,569.5
2024-10-12 17:00:00,532.02,5,10,568.18,568.84
2024-10-12 18:00:00,0.0,5,10,532.02,568.18
2024-10-12 19:00:00,0.0,5,10,0.0,532.02
2024-10-12 20:00:00,0.0,5,10,0.0,0.0
2024-10-12 21:00:00,0.0,5,10,0.0,0.0
2024-10-12 22:00:00,0.0,5,10,0.0,0.0
2024-10-12 23:00:00,0.0,5,10,0.0,0.0
2024-10-13 00:00:00,0.0,6,10,0.0,0.0
2024-10-13 01:00:00,0.0,6,10,0.0,0.0
2024-10-13 02:00:00,0.0,6,10,0.0,0.0
2024-10-13 03:00:00,0.0,6,10,0.0,0.0
2024-10-13 04:00:00,0.0,6,10,0.0,0.0
2024-10-13 05:00:00,0.0,6,10,0.0,0.0
2024-10-13 06:00:00,235.51,6,10,0.0,0.0
2024-10-13 07:00:00,471.02,6,10,235.51,0.0
2024-10-13 08:00:00,579.14,6,10,471.02,235.51
2024-10-13 09:00:00,576.17,6,10,579.14,471.02
2024-10-13 10:00:00,570.75,6,10,576.17,579.14
2024-10-13 11:00:00,565.33,6,10,570.75,576.17
2024-10-13 12:00:00,569.27,6,10,565.33,570.75
2024-10-13 13:00:00,577.94,6,10,569.27,565.33
2024-10-13 14:00:00,567.875,6,10,577.94,569.27
2024-10-13 15:00:00,557.81,6,10,567.875,577.94
2024-10-13 16:00:00,545.31,6,10,557.81,567.875
2024-10-13 17:00:00,74.65,6,10,545.31,557.81
2024-10-13 18:00:00,37.325,6,10,74.65,545.31
2024-10-13 19:00:00,0.0,6,10,37.325,74.65
2024-10-13 20:00:00,0.0,6,10,0.0,37.325
2024-10-13 21:00:00,0.0,6,10,0.0,0.0
2024-10-13 22:00:00,0.0,6,10,0.0,0.0
2024-10-13 23:00:00,0.0,6,10,0.0,0.0
2024-10-19 00:00:00,0.0,5,10,0.0,0.0
2024-10-19 01:00:00,0.0,5,10,0.0,0.0
2024-10-19 02:00:00,0.0,5,10,0.0,0.0
2024-10-19 03:00:00,0.0,5,10,0.0,0.0
2024-10-19 04:00:00,0.0,5,10,0.0,0.0
2024-10-19 05:00:00,0.0,5,10,0.0,0.0
2024-10-19 06:00:00,0.0,5,10,0.0,0.0
2024-10-19 07:00:00,689.58,5,10,0.0,0.0
2024-10-19 08:00:00,625.27,5,10,689.58,0.0
2024-10-19 09:00:00,560.96,5,10,625.27,689.58
2024-10-19 10:00:00,614.07,5,10,560.96,625.27
2024-10-19 11:00:00,564.24,5,10,614.07,560.96
2024-10-19 12:00:00,548.93,5,10,564.24,614.07
2024-10-19 13:00:00,533.62,5,10,548.93,564.24
2024-10-19 14:00:00,569.5,5,10,533.62,548.93
2024-10-19 15:00:00,568.84,5,10,569.5,533.62
2024-10-19 16:00:00,568.18,5,10,568.84,569.5
2024-10-19 17:00:00,532.02,5,10,568.18,568.84
2024-10-19 18:00:00,0.0,5,10,532.02,568.18
2024-10-19 19:00:00,0.0,5,10,0.0,532.02
2024-10-19 20:00:00,0.0,5,10,0.0,0.0
2024-10-19 21:00:00,0.0,5,10,0.0,0.0
2024-10-19 22:00:00,0.0,5,10,0.0,0.0
2024-10-19 23:00:00,0.0,5,10,0.0,0.0
2024-10-20 00:00:00,0.0,6,10,0.0,0.0
2024-10-20 01:00:00,0.0,6,10,0.0,0.0
2024-10-20 02:00:00,0.0,6,10,0.0,0.0
2024-10-20 03:00:00,0.0,6,10,0.0,0.0
2024-10-20 04:00:00,0.0,6,10,0.0,0.0
2024-10-20 05:00:00,0.0,6,10,0.0,0.0
2024-10-20 06:00:00,235.51,6,10,0.0,0.0
2024-10-20 07:00:00,471.02,6,10,235.51,0.0
2024-10-20 08:00:00,579.14,6,10,471.02,235.51
2024-10-20 09:00:00,576.17,6,10,579.14,471.02
2024-10-20 10:00:00,570.75,6,10,576.17,579.14
2024-10-20 11:00:00,565.33,6,10,570.75,576.17
2024-10-20 12:00:00,569.27,6,10,565.33,570.75
2024-10-20 13:00:00,577.94,6,10,569.27,565.33
2024-10-20 14:00:00,567.875,6,10,577.94,569.27
2024-10-20 15:00:00,557.81,6,10,567.875,577.94
2024-10-20 16:00:00,545.31,6,10,557.81,567.875
2024-10-20 17:00:00,74.65,6,10,545.31,557.81
2024-10-20 18:00:00,37.325,6,10,74.65,545.31
2024-10-20 19:00:00,0.0,6,10,37.325,74.65
2024-10-20 20:00:00,0.0,6,10,0.0,37.325
2024-10-20 21:00:00,0.0,6,10,0.0,0.0
2024-10-20 22:00:00,0.0,6,10,0.0,0.0
2024-10-20 23:00:00,0.0,6,10,0.0,0.0
2024-10-23 00:00:00,0.0,2,10,0.0,0.0
2024-10-26 00:00:00,0.0,5,10,0.0,0.0
2024-10-26 01:00:00,0.0,5,10,0.0,0.0
2024-10-26 02:00:00,0.0,5,10,0.0,0.0
2024-10-26 03:00:00,0.0,5,10,0.0,0.0
2024-10-26 04:00:00,0.0,5,10,0.0,0.0
2024-10-26 05:00:00,0.0,5,10,0.0,0.0
2024-10-26 06:00:00,0.0,5,10,0.0,0.0
2024-10-26 07:00:00,689.58,5,10,0.0,0.0
2024-10-26 08:00:00,625.27,5,10,689.58,0.0
2024-10-26 09:00:00,560.96,5,10,625.27,689.58
2024-10-26 10:00:00,614.07,5,10,560.96,625.27
2024-10-26 11:00:00,564.24,5,10,614.07,560.96
2024-10-26 12:00:00,548.93,5,10,564.24,614.07
2024-10-26 13:00:00,533.62,5,10,548.93,564.24
2024-10-26 14:00:00,569.5,5,10,533.62,548.93
2024-10-26 15:00:00,568.84,5,10,569.5,533.62
2024-10-26 16:00:00,568.18,5,10,568.84,569.5
2024-10-26 17:00:00,532.02,5,10,568.18,568.84
2024-10-26 18:00:00,0.0,5,10,532.02,568.18
2024-10-26 19:00:00,0.0,5,10,0.0,532.02
2024-10-26 20:00:00,0.0,5,10,0.0,0.0
2024-10-26 21:00:00,0.0,5,10,0.0,0.0
2024-10-26 22:00:00,0.0,5,10,0.0,0.0
2024-10-26 23:00:00,0.0,5,10,0.0,0.0
2024-10-27 00:00:00,0.0,6,10,0.0,0.0
2024-10-27 01:00:00,0.0,6,10,0.0,0.0
2024-10-27 02:00:00,0.0,6,10,0.0,0.0
2024-10-27 03:00:00,0.0,6,10,0.0,0.0
2024-10-27 04:00:00,0.0,6,10,0.0,0.0
2024-10-27 05:00:00,0.0,6,10,0.0,0.0
2024-10-27 06:00:00,0.0,6,10,0.0,0.0
2024-10-27 07:00:00,689.58,6,10,0.0,0.0
2024-10-27 08:00:00,625.27,6,10,689.58,0.0
2024-10-27 09:00:00,560.96,6,10,625.27,689.58
2024-10-27 10:00:00,614.07,6,10,560.96,625.27
2024-10-27 11:00:00,564.24,6,10,614.07,560.96
2024-10-27 12:00:00,548.93,6,10,564.24,614.07
2024-10-27 13:00:00,533.62,6,10,548.93,564.24
2024-10-27 14:00:00,569.5,6,10,533.62,548.93
2024-10-27 15:00:00,568.84,6,10,569.5,533.62
2024-10-27 16:00:00,568.18,6,10,568.84,569.5
2024-10-27 17:00:00,532.02,6,10,568.18,568.84
2024-10-27 18:00:00,0.0,6,10,532.02,568.18
2024-10-27 19:00:00,0.0,6,10,0.0,532.02
2024-10-27 20:00:00,0.0,6,10,0.0,0.0
2024-10-27 21:00:00,0.0,6,10,0.0,0.0
2024-10-27 22:00:00,0.0,6,10,0.0,0.0
2024-10-27 23:00:00,0.0,6,10,0.0,0.0
2024-11-02 00:00:00,0.0,5,11,0.0,0.0
2024-11-02 01:00:00,0.0,5,11,0.0,0.0
2024-11-02 02:00:00,0.0,5,11,0.0,0.0
2024-11-02 03:00:00,0.0,5,11,0.0,0.0
2024-11-02 04:00:00,0.0,5,11,0.0,0.0
2024-11-02 05:00:00,0.0,5,11,0.0,0.0
2024-11-02 06:00:00,0.0,5,11,0.0,0.0
2024-11-02 07:00:00,0.0,5,11,0.0,0.0
2024-11-02 08:00:00,0.0,5,11,0.0,0.0
2024-11-02 09:00:00,0.0,5,11,0.0,0.0
2024-11-02 10:00:00,0.0,5,11,0.0,0.0
2024-11-02 11:00:00,0.0,5,11,0.0,0.0
2024-11-02 12:00:00,0.0,5,11,0.0,0.0
2024-11-02 13:00:00,0.0,5,11,0.0,0.0
2024-11-02 14:00:00,0.0,5,11,0.0,0.0
2024-11-02 15:00:00,0.0,5,11,0.0,0.0
2024-11-02 16:00:00,0.0,5,11,0.0,0.0
2024-11-02 17:00:00,0.0,5,11,0.0,0.0
2024-11-02 18:00:00,0.0,5,11,0.0,0.0
2024-11-02 19:00:00,0.0,5,11,0.0,0.0
2024-11-02 20:00:00,0.0,5,11,0.0,0.0
2024-11-02 21:00:00,0.0,5,11,0.0,0.0
2024-11-02 22:00:00,0.0,5,11,0.0,0.0
2024-11-02 23:00:00,0.0,5,11,0.0,0.0
2024-11-03 00:00:00,0.0,6,11,0.0,0.0
2024-11-03 01:00:00,0.0,6,11,0.0,0.0
2024-11-03 02:00:00,0.0,6,11,0.0,0.0
2024-11-03 03:00:00,0.0,6,11,0.0,0.0
2024-11-03 04:00:00,0.0,6,11,0.0,0.0
2024-11-03 05:00:00,0.0,6,11,0.0,0.0
2024-11-03 06:00:00,0.0,6,11,0.0,0.0
2024-11-03 07:00:00,689.58,6,11,0.0,0.0
2024-11-03 08:00:00,625.27,6,11,689.58,0.0
2024-11-03 09:00:00,560.96,6,11,625.27,689.58
2024-11-03 10:00:00,614.07,6,11,560.96,625.27
2024-11-03 11:00:00,564.24,6,11,614.07,560.96
2024-11-03 12:00:00,548.93,6,11,564.24,614.07
2024-11-03 13:00:00,533.62,6,11,548.93,564.24
2024-11-03 14:00:00,569.5,6,11,533.62,548.93
2024-11-03 15:00:00,568.84,6,11,569.5,533.62
2024-11-03 16:00:00,568.18,6,11,568.84,569.5
2024-11-03 17:00:00,532.02,6,11,568.18,568.84
2024-11-03 18:00:00,0.0,6,11,532.02,568.18
2024-11-03 19:00:00,0.0,6,11,0.0,532.02
2024-11-03 20:00:00,0.0,6,11,0.0,0.0
2024-11-03 21:00:00,0.0,6,11,0.0,0.0
2024-11-03 22:00:00,0.0,6,11,0.0,0.0
2024-11-03 23:00:00,0.0,6,11,0.0,0.0
2024-11-09 00:00:00,0.0,5,11,0.0,0.0
2024-11-09 01:00:00,0.0,5,11,0.0,0.0
2024-11-09 02:00:00,0.0,5,11,0.0,0.0
2024-11-09 03:00:00,0.0,5,11,0.0,0.0
2024-11-09 04:00:00,0.0,5,11,0.0,0.0
2024-11-09 05:00:00,0.0,5,11,0.0,0.0
2024-11-09 06:00:00,0.0,5,11,0.0,0.0
2024-11-09 07:00:00,0.0,5,11,0.0,0.0
2024-11-09 08:00:00,0.0,5,11,0.0,0.0
2024-11-09 09:00:00,0.0,5,11,0.0,0.0
2024-11-09 10:00:00,0.0,5,11,0.0,0.0
2024-11-09 11:00:00,0.0,5,11,0.0,0.0
2024-11-09 12:00:00,0.0,5,11,0.0,0.0
2024-11-09 13:00:00,0.0,5,11,0.0,0.0
2024-11-09 14:00:00,0.0,5,11,0.0,0.0
2024-11-09 15:00:00,0.0,5,11,0.0,0.0
2024-11-09 16:00:00,0.0,5,11,0.0,0.0
2024-11-09 17:00:00,0.0,5,11,0.0,0.0
2024-11-09 18:00:00,0.0,5,11,0.0,0.0
2024-11-09 19:00:00,0.0,5,11,0.0,0.0
2024-11-09 20:00:00,0.0,5,11,0.0,0.0
2024-11-09 21:00:00,0.0,5,11,0.0,0.0
2024-11-09 22:00:00,0.0,5,11,0.0,0.0
2024-11-09 23:00:00,0.0,5,11,0.0,0.0
2024-11-10 00:00:00,0.0,6,11,0.0,0.0
2024-11-10 01:00:00,0.0,6,11,0.0,0.0
2024-11-10 02:00:00,0.0,6,11,0.0,0.0
2024-11-10 03:00:00,0.0,6,11,0.0,0.0
2024-11-10 04:00:00,0.0,6,11,0.0,0.0
2024-11-10 05:00:00,0.0,6,11,0.0,0.0
2024-11-10 06:00:00,0.0,6,11,0.0,0.0
2024-11-10 07:00:00,689.58,6,11,0.0,0.0
2024-11-10 08:00:00,625.27,6,11,689.58,0.0
2024-11-10 09:00:00,560.96,6,11,625.27,689.58
2024-11-10 10:00:00,614.07,6,11,560.96,625.27
2024-11-10 11:00:00,564.24,6,11,614.07,560.96
2024-11-10 12:00:00,548.93,6,11,564.24,614.07
2024-11-10 13:00:00,533.62,6,11,548.93,564.24
2024-11-10 14:00:00,569.5,6,11,533.62,548.93
2024-11-10 15:00:00,568.84,6,11,569.5,533.62
2024-11-10 16:00:00,568.18,6,11,568.84,569.5
2024-11-10 17:00:00,532.02,6,11,568.18,568.84
2024-11-10 18:00:00,0.0,6,11,532.02,568.18
2024-11-10 19:00:00,0.0,6,11,0.0,532.02
2024-11-10 20:00:00,0.0,6,11,0.0,0.0
2024-11-10 21:00:00,0.0,6,11,0.0,0.0
2024-11-10 22:00:00,0.0,6,11,0.0,0.0
2024-11-10 23:00:00,0.0,6,11,0.0,0.0
2024-11-16 00:00:00,0.0,5,11,0.0,0.0
2024-11-16 01:00:00,0.0,5,11,0.0,0.0
2024-11-16 02:00:00,0.0,5,11,0.0,0.0
2024-11-16 03:00:00,0.0,5,11,0.0,0.0
2024-11-16 04:00:00,0.0,5,11,0.0,0.0
2024-11-16 05:00:00,0.0,5,11,0.0,0.0
2024-11-16 06:00:00,0.0,5,11,0.0,0.0
2024-11-16 07:00:00,0.0,5,11,0.0,0.0
2024-11-16 08:00:00,0.0,5,11,0.0,0.0
2024-11-16 09:00:00,0.0,5,11,0.0,0.0
2024-11-16 10:00:00,0.0,5,11,0.0,0.0
2024-11-16 11:00:00,0.0,5,11,0.0,0.0
2024-11-16 12:00:00,0.0,5,11,0.0,0.0
2024-11-16 13:00:00,0.0,5,11,0.0,0.0
2024-11-16 14:00:00,0.0,5,11,0.0,0.0
2024-11-16 15:00:00,0.0,5,11,0.0,0.0
2024-11-16 16:00:00,0.0,5,11,0.0,0.0
2024-11-16 17:00:00,0.0,5,11,0.0,0.0
2024-11-16 18:00:00,0.0,5,11,0.0,0.0
2024-11-16 19:00:00,0.0,5,11,0.0,0.0
2024-11-16 20:00:00,0.0,5,11,0.0,0.0
2024-11-16 21:00:00,0.0,5,11,0.0,0.0
2024-11-16 22:00:00,0.0,5,11,0.0,0.0
2024-11-16 23:00:00,0.0,5,11,0.0,0.0
2024-11-17 00:00:00,0.0,6,11,0.0,0.0
2024-11-17 01:00:00,0.0,6,11,0.0,0.0
2024-11-17 02:00:00,0.0,6,11,0.0,0.0
2024-11-17 03:00:00,0.0,6,11,0.0,0.0
2024-11-17 04:00:00,0.0,6,11,0.0,0.0
2024-11-17 05:00:00,0.0,6,11,0.0,0.0
2024-11-17 06:00:00,0.0,6,11,0.0,0.0
2024-11-17 07:00:00,0.0,6,11,0.0,0.0
2024-11-17 08:00:00,0.0,6,11,0.0,0.0
2024-11-17 09:00:00,0.0,6,11,0.0,0.0
2024-11-17 10:00:00,0.0,6,11,0.0,0.0
2024-11-17 11:00:00,0.0,6,11,0.0,0.0
2024-11-17 12:00:00,0.0,6,11,0.0,0.0
2024-11-17 13:00:00,0.0,6,11,0.0,0.0
2024-11-17 14:00:00,0.0,6,11,0.0,0.0
2024-11-17 15:00:00,0.0,6,11,0.0,0.0
2024-11-17 16:00:00,0.0,6,11,0.0,0.0
2024-11-17 17:00:00,0.0,6,11,0.0,0.0
2024-11-17 18:00:00,0.0,6,11,0.0,0.0
2024-11-17 19:00:00,0.0,6,11,0.0,0.0
2024-11-17 20:00:00,0.0,6,11,0.0,0.0
2024-11-17 21:00:00,0.0,6,11,0.0,0.0
2024-11-17 22:00:00,0.0,6,11,0.0,0.0
2024-11-17 23:00:00,0.0,6,11,0.0,0.0
2024-11-23 00:00:00,0.0,5,11,0.0,0.0
2024-11-23 01:00:00,0.0,5,11,0.0,0.0
2024-11-23 02:00:00,0.0,5,11,0.0,0.0
2024-11-23 03:00:00,0.0,5,11,0.0,0.0
2024-11-23 04:00:00,0.0,5,11,0.0,0.0
2024-11-23 05:00:00,0.0,5,11,0.0,0.0
2024-11-23 06:00:00,0.0,5,11,0.0,0.0
2024-11-23 07:00:00,0.0,5,11,0.0,0.0
2024-11-23 08:00:00,0.0,5,11,0.0,0.0
2024-11-23 09:00:00,0.0,5,11,0.0,0.0
2024-11-23 10:00:00,0.0,5,11,0.0,0.0
2024-11-23 11:00:00,0.0,5,11,0.0,0.0
2024-11-23 12:00:00,0.0,5,11,0.0,0.0
2024-11-23 13:00:00,0.0,5,11,0.0,0.0
2024-11-23 14:00:00,0.0,5,11,0.0,0.0
2024-11-23 15:00:00,0.0,5,11,0.0,0.0
2024-11-23 16:00:00,0.0,5,11,0.0,0.0
2024-11-23 17:00:00,0.0,5,11,0.0,0.0
2024-11-23 18:00:00,0.0,5,11,0.0,0.0
2024-11-23 19:00:00,0.0,5,11,0.0,0.0
2024-11-23 20:00:00,0.0,5,11,0.0,0.0
2024-11-23 21:00:00,0.0,5,11,0.0,0.0
2024-11-23 22:00:00,0.0,5,11,0.0,0.0
2024-11-23 23:00:00,0.0,5,11,0.0,0.0
2024-11-24 00:00:00,0.0,6,11,0.0,0.0
2024-11-24 01:00:00,0.0,6,11,0.0,0.0
2024-11-24 02:00:00,0.0,6,11,0.0,0.0
2024-11-24 03:00:00,0.0,6,11,0.0,0.0
2024-11-24 04:00:00,0.0,6,11,0.0,0.0
2024-11-24 05:00:00,0.0,6,11,0.0,0.0
2024-11-24 06:00:00,0.0,6,11,0.0,0.0
2024-11-24 07:00:00,0.0,6,11,0.0,0.0
2024-11-24 08:00:00,0.0,6,11,0.0,0.0
2024-11-24 09:00:00,0.0,6,11,0.0,0.0
2024-11-24 10:00:00,0.0,6,11,0.0,0.0
2024-11-24 11:00:00,0.0,6,11,0.0,0.0
2024-11-24 12:00:00,0.0,6,11,0.0,0.0
2024-11-24 13:00:00,0.0,6,11,0.0,0.0
2024-11-24 14:00:00,0.0,6,11,0.0,0.0
2024-11-24 15:00:00,0.0,6,11,0.0,0.0
2024-11-24 16:00:00,0.0,6,11,0.0,0.0
2024-11-24 17:00:00,0.0,6,11,0.0,0.0
2024-11-24 18:00:00,0.0,6,11,0.0,0.0
2024-11-24 19:00:00,0.0,6,11,0.0,0.0
2024-11-24 20:00:00,0.0,6,11,0.0,0.0
2024-11-24 21:00:00,0.0,6,11,0.0,0.0
2024-11-24 22:00:00,0.0,6,11,0.0,0.0
2024-11-24 23:00:00,0.0,6,11,0.0,0.0
2024-11-30 00:00:00,0.0,5,11,0.0,0.0
2024-11-30 01:00:00,0.0,5,11,0.0,0.0
2024-11-30 02:00:00,0.0,5,11,0.0,0.0
2024-11-30 03:00:00,0.0,5,11,0.0,0.0
2024-11-30 04:00:00,0.0,5,11,0.0,0.0
2024-11-30 05:00:00,0.0,5,11,0.0,0.0
2024-11-30 06:00:00,468.88,5,11,0.0,0.0
2024-11-30 07:00:00,554.23,5,11,468.88,0.0
2024-11-30 08:00:00,639.58,5,11,554.23,468.88
2024-11-30 09:00:00,597.74,5,11,639.58,554.23
2024-11-30 10:00:00,588.12,5,11,597.74,639.58
2024-11-30 11:00:00,585.655,5,11,588.12,597.74
2024-11-30 12:00:00,583.19,5,11,585.655,588.12
2024-11-30 13:00:00,583.35,5,11,583.19,585.655
2024-11-30 14:00:00,562.39,5,11,583.35,583.19
2024-11-30 15:00:00,553.69,5,11,562.39,583.35
2024-11-30 16:00:00,544.99,5,11,553.69,562.39
2024-11-30 17:00:00,516.92,5,11,544.99,553.69
2024-11-30 18:00:00,258.46,5,11,516.92,544.99
2024-11-30 19:00:00,0.0,5,11,258.46,516.92
2024-11-30 20:00:00,0.0,5,11,0.0,258.46
2024-11-30 21:00:00,0.0,5,11,0.0,0.0
2024-11-30 22:00:00,0.0,5,11,0.0,0.0
2024-11-30 23:00:00,0.0,5,11,0.0,0.0
2024-12-01 00:00:00,0.0,6,12,0.0,0.0
2024-12-01 01:00:00,0.0,6,12,0.0,0.0
2024-12-01 02:00:00,0.0,6,12,0.0,0.0
2024-12-01 03:00:00,0.0,6,12,0.0,0.0
2024-12-01 04:00:00,0.0,6,12,0.0,0.0
2024-12-01 05:00:00,0.0,6,12,0.0,0.0
2024-12-01 06:00:00,0.0,6,12,0.0,0.0
2024-12-01 07:00:00,0.0,6,12,0.0,0.0
2024-12-01 08:00:00,0.0,6,12,0.0,0.0
2024-12-01 09:00:00,0.0,6,12,0.0,0.0
2024-12-01 10:00:00,0.0,6,12,0.0,0.0
2024-12-01 11:00:00,0.0,6,12,0.0,0.0
2024-12-01 12:00:00,0.0,6,12,0.0,0.0
2024-12-01 13:00:00,0.0,6,12,0.0,0.0
2024-12-01 14:00:00,0.0,6,12,0.0,0.0
2024-12-01 15:00:00,0.0,6,12,0.0,0.0
2024-12-01 16:00:00,0.0,6,12,0.0,0.0
2024-12-01 17:00:00,0.0,6,12,0.0,0.0
2024-12-01 18:00:00,0.0,6,12,0.0,0.0
2024-12-01 19:00:00,0.0,6,12,0.0,0.0
2024-12-01 20:00:00,0.0,6,12,0.0,0.0
2024-12-01 21:00:00,0.0,6,12,0.0,0.0
2024-12-01 22:00:00,0.0,6,12,0.0,0.0
2024-12-01 23:00:00,0.0,6,12,0.0,0.0
2024-12-05 00:00:00,0.0,3,12,0.0,0.0
2024-12-07 00:00:00,0.0,5,12,0.0,0.0
2024-12-07 01:00:00,0.0,5,12,0.0,0.0
2024-12-07 02:00:00,0.0,5,12,0.0,0.0
2024-12-07 03:00:00,0.0,5,12,0.0,0.0
2024-12-07 04:00:00,0.0,5,12,0.0,0.0
2024-12-07 05:00:00,0.0,5,12,0.0,0.0
2024-12-07 06:00:00,468.88,5,12,0.0,0.0
2024-12-07 07:00:00,554.23,5,12,468.88,0.0
2024-12-07 08:00:00,639.58,5,12,554.23,468.88
2024-12-07 09:00:00,597.74,5,12,639.58,554.23
2024-12-07 10:00:00,588.12,5,12,597.74,639.58
2024-12-07 11:00:00,585.655,5,12,588.12,597.74
2024-12-07 12:00:00,583.19,5,12,585.655,588.12
2024-12-07 13:00:00,583.35,5,12,583.19,585.655
2024-12-07 14:00:00,562.39,5,12,583.35,583.19
2024-12-07 15:00:00,553.69,5,12,562.39,583.35
2024-12-07 16:00:00,544.99,5,12,553.69,562.39
2024-12-07 17:00:00,516.92,5,12,544.99,553.69
2024-12-07 18:00:00,258.46,5,12,516.92,544.99
2024-12-07 19:00:00,0.0,5,12,258.46,516.92
2024-12-07 20:00:00,0.0,5,12,0.0,258.46
2024-12-07 21:00:00,0.0,5,12,0.0,0.0
2024-12-07 22:00:00,0.0,5,12,0.0,0.0
2024-12-07 23:00:00,0.0,5,12,0.0,0.0
2024-12-08 00:00:00,0.0,6,12,0.0,0.0
2024-12-08 01:00:00,0.0,6,12,0.0,0.0
2024-12-08 02:00:00,0.0,6,12,0.0,0.0
2024-12-08 03:00:00,0.0,6,12,0.0,0.0
2024-12-08 04:00:00,0.0,6,12,0.0,0.0
2024-12-08 05:00:00,0.0,6,12,0.0,0.0
2024-12-08 06:00:00,0.0,6,12,0.0,0.0
2024-12-08 07:00:00,0.0,6,12,0.0,0.0
2024-12-08 08:00:00,0.0,6,12,0.0,0.0
2024-12-08 09:00:00,0.0,6,12,0.0,0.0
2024-12-08 10:00:00,0.0,6,12,0.0,0.0
2024-12-08 11:00:00,0.0,6,12,0.0,0.0
2024-12-08 12:00:00,0.0,6,12,0.0,0.0
2024-12-08 13:00:00,0.0,6,12,0.0,0.0
2024-12-08 14:00:00,0.0,6,12,0.0,0.0
2024-12-08 15:00:00,0.0,6,12,0.0,0.0
2024-12-08 16:00:00,0.0,6,12,0.0,0.0
2024-12-08 17:00:00,0.0,6,12,0.0,0.0
2024-12-08 18:00:00,0.0,6,12,0.0,0.0
2024-12-08 19:00:00,0.0,6,12,0.0,0.0
2024-12-08 20:00:00,0.0,6,12,0.0,0.0
2024-12-08 21:00:00,0.0,6,12,0.0,0.0
2024-12-08 22:00:00,0.0,6,12,0.0,0.0
2024-12-08 23:00:00,0.0,6,12,0.0,0.0
2024-12-10 00:00:00,0.0,1,12,0.0,0.0
2024-12-14 00:00:00,0.0,5,12,0.0,0.0
2024-12-14 01:00:00,0.0,5,12,0.0,0.0
2024-12-14 02:00:00,0.0,5,12,0.0,0.0
2024-12-14 03:00:00,0.0,5,12,0.0,0.0
2024-12-14 04:00:00,0.0,5,12,0.0,0.0
2024-12-14 05:00:00,0.0,5,12,0.0,0.0
2024-12-14 06:00:00,0.0,5,12,0.0,0.0
2024-12-14 07:00:00,938.04,5,12,0.0,0.0
2024-12-14 08:00:00,842.115,5,12,938.04,0.0
2024-12-14 09:00:00,746.19,5,12,842.115,938.04
2024-12-14 10:00:00,712.69,5,12,746.19,842.115
2024-12-14 11:00:00,699.1,5,12,712.69,746.19
2024-12-14 12:00:00,715.96,5,12,699.1,712.69
2024-12-14 13:00:00,732.82,5,12,715.96,699.1
2024-12-14 14:00:00,722.93,5,12,732.82,715.96
2024-12-14 15:00:00,703.53,5,12,722.93,732.82
2024-12-14 16:00:00,650.28,5,12,703.53,722.93
2024-12-14 17:00:00,597.03,5,12,650.28,703.53
2024-12-14 18:00:00,218.09,5,12,597.03,650.28
2024-12-14 19:00:00,109.045,5,12,218.09,597.03
2024-12-14 20:00:00,0.0,5,12,109.045,218.09
2024-12-14 21:00:00,0.0,5,12,0.0,109.045
2024-12-14 22:00:00,0.0,5,12,0.0,0.0
2024-12-14 23:00:00,0.0,5,12,0.0,0.0
2024-12-15 00:00:00,0.0,6,12,0.0,0.0
2024-12-15 01:00:00,0.0,6,12,0.0,0.0
2024-12-15 02:00:00,0.0,6,12,0.0,0.0
2024-12-15 03:00:00,0.0,6,12,0.0,0.0
2024-12-15 04:00:00,0.0,6,12,0.0,0.0
2024-12-15 05:00:00,0.0,6,12,0.0,0.0
2024-12-15 06:00:00,468.88,6,12,0.0,0.0
2024-12-15 07:00:00,554.23,6,12,468.88,0.0
2024-12-15 08:00:00,639.58,6,12,554.23,468.88
2024-12-15 09:00:00,597.74,6,12,639.58,554.23
2024-12-15 10:00:00,588.12,6,12,597.74,639.58
2024-12-15 11:00:00,585.655,6,12,588.12,597.74
2024-12-15 12:00:00,583.19,6,12,585.655,588.12
2024-12-15 13:00:00,583.35,6,12,583.19,585.655
2024-12-15 14:00:00,562.39,6,12,583.35,583.19
2024-12-15 15:00:00,553.69,6,12,562.39,583.35
2024-12-15 16:00:00,544.99,6,12,553.69,562.39
2024-12-15 17:00:00,516.92,6,12,544.99,553.69
2024-12-15 18:00:00,258.46,6,12,516.92,544.99
2024-12-15 19:00:00,0.0,6,12,258.46,516.92
2024-12-15 20:00:00,0.0,6,12,0.0,258.46
2024-12-15 21:00:00,0.0,6,12,0.0,0.0
2024-12-15 22:00:00,0.0,6,12,0.0,0.0
2024-12-15 23:00:00,0.0,6,12,0.0,0.0
2024-12-21 00:00:00,0.0,5,12,0.0,0.0
2024-12-21 01:00:00,0.0,5,12,0.0,0.0
2024-12-21 02:00:00,0.0,5,12,0.0,0.0
2024-12-21 03:00:00,0.0,5,12,0.0,0.0
2024-12-21 04:00:00,0.0,5,12,0.0,0.0
2024-12-21 05:00:00,0.0,5,12,0.0,0.0
2024-12-21 06:00:00,0.0,5,12,0.0,0.0
2024-12-21 07:00:00,938.04,5,12,0.0,0.0
2024-12-21 08:00:00,842.115,5,12,938.04,0.0
2024-12-21 09:00:00,746.19,5,12,842.115,938.04
2024-12-21 10:00:00,712.69,5,12,746.19,842.115
2024-12-21 11:00:00,699.1,5,12,712.69,746.19
2024-12-21 12:00:00,715.96,5,12,699.1,712.69
2024-12-21 13:00:00,732.82,5,12,715.96,699.1
2024-12-21 14:00:00,722.93,5,12,732.82,715.96
2024-12-21 15:00:00,703.53,5,12,722.93,732.82
2024-12-21 16:00:00,650.28,5,12,703.53,722.93
2024-12-21 17:00:00,597.03,5,12,650.28,703.53
2024-12-21 18:00:00,218.09,5,12,597.03,650.28
2024-12-21 19:00:00,109.045,5,12,218.09,597.03
2024-12-21 20:00:00,0.0,5,12,109.045,218.09
2024-12-21 21:00:00,0.0,5,12,0.0,109.045
2024-12-21 22:00:00,0.0,5,12,0.0,0.0
2024-12-21 23:00:00,0.0,5,12,0.0,0.0
2024-12-22 00:00:00,0.0,6,12,0.0,0.0
2024-12-22 01:00:00,0.0,6,12,0.0,0.0
2024-12-22 02:00:00,0.0,6,12,0.0,0.0
2024-12-22 03:00:00,0.0,6,12,0.0,0.0
2024-12-22 04:00:00,0.0,6,12,0.0,0.0
2024-12-22 05:00:00,0.0,6,12,0.0,0.0
2024-12-22 06:00:00,468.88,6,12,0.0,0.0
2024-12-22 07:00:00,554.23,6,12,468.88,0.0
2024-12-22 08:00:00,639.58,6,12,554.23,468.88
2024-12-22 09:00:00,597.74,6,12,639.58,554.23
2024-12-22 10:00:00,588.12,6,12,597.74,639.58
2024-12-22 11:00:00,585.655,6,12,588.12,597.74
2024-12-22 12:00:00,583.19,6,12,585.655,588.12
2024-12-22 13:00:00,583.35,6,12,583.19,585.655
2024-12-22 14:00:00,562.39,6,12,583.35,583.19
2024-12-22 15:00:00,553.69,6,12,562.39,583.35
2024-12-22 16:00:00,544.99,6,12,553.69,562.39
2024-12-22 17:00:00,516.92,6,12,544.99,553.69
2024-12-22 18:00:00,258.46,6,12,516.92,544.99
2024-12-22 19:00:00,0.0,6,12,258.46,516.92
2024-12-22 20:00:00,0.0,6,12,0.0,258.46
2024-12-22 21:00:00,0.0,6,12,0.0,0.0
2024-12-22 22:00:00,0.0,6,12,0.0,0.0
2024-12-22 23:00:00,0.0,6,12,0.0,0.0
2024-12-28 00:00:00,0.0,5,12,0.0,0.0
2024-12-28 01:00:00,0.0,5,12,0.0,0.0
2024-12-28 02:00:00,0.0,5,12,0.0,0.0
2024-12-28 03:00:00,0.0,5,12,0.0,0.0
2024-12-28 04:00:00,0.0,5,12,0.0,0.0
2024-12-28 05:00:00,0.0,5,12,0.0,0.0
2024-12-28 06:00:00,0.0,5,12,0.0,0.0
2024-12-28 07:00:00,468.46,5,12,0.0,0.0
2024-12-28 08:00:00,625.63,5,12,468.46,0.0
2024-12-28 09:00:00,616.615,5,12,625.63,468.46
2024-12-28 10:00:00,607.6,5,12,616.615,625.63
2024-12-28 11:00:00,635.91,5,12,607.6,616.615
2024-12-28 12:00:00,596.96,5,12,635.91,607.6
2024-12-28 13:00:00,594.345,5,12,596.96,635.91
2024-12-28 14:00:00,591.73,5,12,594.345,596.96
2024-12-28 15:00:00,576.67,5,12,591.73,594.345
2024-12-28 16:00:00,564.6,5,12,576.67,591.73
2024-12-28 17:00:00,282.3,5,12,564.6,576.67
2024-12-28 18:00:00,0.0,5,12,282.3,564.6
2024-12-28 19:00:00,0.0,5,12,0.0,282.3
2024-12-28 20:00:00,0.0,5,12,0.0,0.0
2024-12-28 21:00:00,0.0,5,12,0.0,0.0
2024-12-28 22:00:00,0.0,5,12,0.0,0.0
2024-12-28 23:00:00,0.0,5,12,0.0,0.0
2024-12-29 00:00:00,0.0,6,12,0.0,0.0
2024-12-29 01:00:00,0.0,6,12,0.0,0.0
2024-12-29 02:00:00,0.0,6,12,0.0,0.0
2024-12-29 03:00:00,0.0,6,12,0.0,0.0
2024-12-29 04:00:00,0.0,6,12,0.0,0.0
2024-12-29 05:00:00,0.0,6,12,0.0,0.0
2024-12-29 06:00:00,0.0,6,12,0.0,0.0
2024-12-29 07:00:00,938.04,6,12,0.0,0.0
2024-12-29 08:00:00,842.115,6,12,938.04,0.0
2024-12-29 09:00:00,746.19,6,12,842.115,938.04
2024-12-29 10:00:00,712.69,6,12,746.19,842.115
2024-12-29 11:00:00,699.1,6,12,712.69,746.19
2024-12-29 12:00:00,715.96,6,12,699.1,712.69
2024-12-29 13:00:00,732.82,6,12,715.96,699.1
2024-12-29 14:00:00,722.93,6,12,732.82,715.96
2024-12-29 15:00:00,703.53,6,12,722.93,732.82
2024-12-29 16:00:00,650.28,6,12,703.53,722.93
2024-12-29 17:00:00,597.03,6,12,650.28,703.53
2024-12-29 18:00:00,218.09,6,12,597.03,650.28
2024-12-29 19:00:00,109.045,6,12,218.09,597.03
2024-12-29 20:00:00,0.0,6,12,109.045,218.09
2024-12-29 21:00:00,0.0,6,12,0.0,109.045
2024-12-29 22:00:00,0.0,6,12,0.0,0.0
2024-12-29 23:00:00,0.0,6,12,0.0,0.0
2024-12-31 00:00:00,0.0,1,12,0.0,0.0
