Curve_Robinson Lifestyle Ratchaphruek_20240610174150,,,,
Time,Meter2(52757)/Meter Active Power(kW),Robinson Lifestyle Ratchaphruek(00027)/Load Power(kW),Robinson Lifestyle Ratchaphruek(00027)/Plant Power(kW),
1/2/2023 0:00,1067.383,1067.383,0,1067.383
1/2/2023 0:30,593.32,593.32,0,593.32
1/2/2023 1:00,598.6,598.6,0,598.6
1/2/2023 1:30,565.615,565.615,0,565.615
1/2/2023 2:00,543.247,543.247,0,543.247
1/2/2023 2:30,529.675,529.675,0,529.675
1/2/2023 3:00,519.206,519.206,0,519.206
1/2/2023 3:30,527.881,527.881,0,527.881
1/2/2023 4:00,467.519,467.519,0,467.519
1/2/2023 4:30,485.089,485.089,0,485.089
1/2/2023 5:00,476.45,476.45,0,476.45
1/2/2023 5:30,458.765,458.765,0,458.765
1/2/2023 6:00,452.86,452.86,0,452.86
1/2/2023 6:30,484.941,484.941,0,484.941
1/2/2023 7:00,446.149,465.561,19.412,446.149
1/2/2023 7:30,388.392,474.372,85.98,388.392
1/2/2023 8:00,366.382,566.829,200.447,366.382
1/2/2023 8:30,254.329,613.198,358.869,254.329
1/2/2023 9:00,216.071,748.338,532.267,216.071
1/2/2023 9:30,491.828,994.798,502.97,491.828
1/2/2023 10:00,228.003,946.461,718.458,228.003
1/2/2023 10:30,689.449,1637.471,948.022,689.449
1/2/2023 11:00,1842.135,2972.087,1129.952,1842.135
1/2/2023 11:30,1989.242,3160.273,1171.031,1989.242
1/2/2023 12:00,2770.212,3354.039,583.827,2770.212
1/2/2023 12:30,2555.509,3275.025,719.516,2555.509
1/2/2023 13:00,2342.28,3258.181,915.901,2342.28
1/2/2023 13:30,2976.223,3428.398,452.175,2976.223
1/2/2023 14:00,2164.912,3251.162,1086.25,2164.912
1/2/2023 14:30,2169.749,3288.854,1119.105,2169.749
1/2/2023 15:00,2238.81,3269.931,1031.121,2238.81
1/2/2023 15:30,2977.705,3450.19,472.485,2977.705
1/2/2023 16:00,2909.008,3507.171,598.163,2909.008
1/2/2023 16:30,2957.973,3439.015,481.042,2957.973
1/2/2023 17:00,3186.249,3485.823,299.574,3186.249
1/2/2023 17:30,3350.93,3501.969,151.039,3350.93
1/2/2023 18:00,3584.379,3627.931,43.552,3584.379
1/2/2023 18:30,3759.027,3759.424,0.397,3759.027
1/2/2023 19:00,3756.308,3756.308,0,3756.308
1/2/2023 19:30,3797.708,3797.708,0,3797.708
1/2/2023 20:00,3583.489,3583.489,0,3583.489
1/2/2023 20:30,3594.702,3594.702,0,3594.702
1/2/2023 21:00,3426.436,3426.436,0,3426.436
1/2/2023 21:30,2573.746,2573.746,0,2573.746
1/2/2023 22:00,2246.65,2246.65,0,2246.65
1/2/2023 22:30,1402.767,1402.767,0,1402.767
1/2/2023 23:00,1275.422,1275.422,0,1275.422
1/2/2023 23:30,1164.427,1164.427,0,1164.427
2/2/2023 0:00,1077.914,1077.914,0,1077.914
2/2/2023 0:30,581.887,581.887,0,581.887
2/2/2023 1:00,571.876,571.876,0,571.876
2/2/2023 1:30,531.707,531.707,0,531.707
2/2/2023 2:00,530.569,530.569,0,530.569
2/2/2023 2:30,557.863,557.863,0,557.863
2/2/2023 3:00,530.269,530.269,0,530.269
2/2/2023 3:30,520.975,520.975,0,520.975
2/2/2023 4:00,478.678,478.678,0,478.678
2/2/2023 4:30,491.878,491.878,0,491.878
2/2/2023 5:00,480.726,480.726,0,480.726
2/2/2023 5:30,465.667,465.667,0,465.667
2/2/2023 6:00,482.281,482.281,0,482.281
2/2/2023 6:30,520.932,520.932,0,520.932
2/2/2023 7:00,518.021,534.504,16.483,518.021
2/2/2023 7:30,381.316,474.714,93.398,381.316
2/2/2023 8:00,495.916,704.625,208.709,495.916
2/2/2023 8:30,390.643,757.444,366.801,390.643
2/2/2023 9:00,445.136,967.847,522.711,445.136
2/2/2023 9:30,422.438,1082.927,660.489,422.438
2/2/2023 10:00,104.674,1036.933,932.259,104.674
2/2/2023 10:30,459.136,1536.315,1077.179,459.136
2/2/2023 11:00,1929.547,2837.301,907.754,1929.547
2/2/2023 11:30,2486.311,3367.493,881.182,2486.311
2/2/2023 12:00,1884.247,3187.567,1303.32,1884.247
2/2/2023 12:30,2012.33,3292.952,1280.622,2012.33
2/2/2023 13:00,2428.272,3322.354,894.082,2428.272
2/2/2023 13:30,2059.835,3302.666,1242.831,2059.835
2/2/2023 14:00,1936.683,3164.913,1228.23,1936.683
2/2/2023 14:30,2835.355,3386.487,551.132,2835.355
2/2/2023 15:00,2316.692,3219.443,902.751,2316.692
2/2/2023 15:30,2710.426,3312.828,602.402,2710.426
2/2/2023 16:00,2804.365,3369.066,564.701,2804.365
2/2/2023 16:30,2946.238,3432.944,486.706,2946.238
2/2/2023 17:00,3128.651,3425.254,296.603,3128.651
2/2/2023 17:30,3335.226,3472.291,137.065,3335.226
2/2/2023 18:00,3609.531,3648.805,39.274,3609.531
2/2/2023 18:30,3650.665,3650.674,0.009,3650.665
2/2/2023 19:00,3835.639,3835.639,0,3835.639
2/2/2023 19:30,3719.293,3719.293,0,3719.293
2/2/2023 20:00,3650.484,3650.484,0,3650.484
2/2/2023 20:30,3690.692,3690.692,0,3690.692
2/2/2023 21:00,3529.985,3529.985,0,3529.985
2/2/2023 21:30,2510.227,2510.227,0,2510.227
2/2/2023 22:00,2231.425,2231.425,0,2231.425
2/2/2023 22:30,1354.068,1354.068,0,1354.068
2/2/2023 23:00,1269.172,1269.172,0,1269.172
2/2/2023 23:30,1237.161,1237.161,0,1237.161
3/2/2023 0:00,1205.334,1205.334,0,1205.334
3/2/2023 0:30,1110.805,1110.805,0,1110.805
3/2/2023 1:00,1107.358,1107.358,0,1107.358
3/2/2023 1:30,727.116,727.116,0,727.116
3/2/2023 2:00,536.826,536.826,0,536.826
3/2/2023 2:30,555.336,555.336,0,555.336
3/2/2023 3:00,570.564,570.564,0,570.564
3/2/2023 3:30,539.692,539.692,0,539.692
3/2/2023 4:00,448.492,448.492,0,448.492
3/2/2023 4:30,438.574,438.574,0,438.574
3/2/2023 5:00,455.768,455.768,0,455.768
3/2/2023 5:30,454.518,454.518,0,454.518
3/2/2023 6:00,464.452,464.452,0,464.452
3/2/2023 6:30,473.31,473.31,0,473.31
3/2/2023 7:00,475.267,488.015,12.748,475.267
3/2/2023 7:30,418.146,507.361,89.215,418.146
3/2/2023 8:00,464.047,679.283,215.236,464.047
3/2/2023 8:30,455.387,834.758,379.371,455.387
3/2/2023 9:00,355.893,924.222,568.329,355.893
3/2/2023 9:30,1145.575,1932.989,787.414,1145.575
3/2/2023 10:00,2335.672,3292.856,957.184,2335.672
3/2/2023 10:30,3243.205,3687.936,444.731,3243.205
3/2/2023 11:00,3101.424,3594.467,493.043,3101.424
3/2/2023 11:30,2110.894,3427.543,1316.649,2110.894
3/2/2023 12:00,1999.39,3288.257,1288.867,1999.39
3/2/2023 12:30,2584.254,3451.506,867.252,2584.254
3/2/2023 13:00,2178.935,3383.444,1204.509,2178.935
3/2/2023 13:30,3005.555,3576.496,570.941,3005.555
3/2/2023 14:00,2998.586,3613.181,614.595,2998.586
3/2/2023 14:30,2647.378,3474.125,826.747,2647.378
3/2/2023 15:00,3134.939,3570.982,436.043,3134.939
3/2/2023 15:30,2743.462,3452.91,709.448,2743.462
3/2/2023 16:00,2854.19,3587.888,733.698,2854.19
3/2/2023 16:30,3196.552,3673.327,476.775,3196.552
3/2/2023 17:00,3328.806,3634.687,305.881,3328.806
3/2/2023 17:30,3547.625,3686.753,139.128,3547.625
3/2/2023 18:00,3629.307,3661.655,32.348,3629.307
3/2/2023 18:30,3858.371,3858.434,0.063,3858.371
3/2/2023 19:00,3800.273,3800.273,0,3800.273
3/2/2023 19:30,3810.36,3810.36,0,3810.36
3/2/2023 20:00,3699.016,3699.016,0,3699.016
3/2/2023 20:30,3577.58,3577.58,0,3577.58
3/2/2023 21:00,3511.902,3511.902,0,3511.902
3/2/2023 21:30,2762.361,2762.361,0,2762.361
3/2/2023 22:00,2487.424,2487.424,0,2487.424
3/2/2023 22:30,1556.289,1556.289,0,1556.289
3/2/2023 23:00,1263.879,1263.879,0,1263.879
3/2/2023 23:30,1182.99,1182.99,0,1182.99
4/2/2023 0:00,1244.776,1244.776,0,1244.776
4/2/2023 0:30,1222.184,1222.184,0,1222.184
4/2/2023 1:00,825.134,825.134,0,825.134
4/2/2023 1:30,564.939,564.939,0,564.939
4/2/2023 2:00,540.047,540.047,0,540.047
4/2/2023 2:30,522.126,522.126,0,522.126
4/2/2023 3:00,546.556,546.556,0,546.556
4/2/2023 3:30,537.704,537.704,0,537.704
4/2/2023 4:00,450.845,450.845,0,450.845
4/2/2023 4:30,450.563,450.563,0,450.563
4/2/2023 5:00,417.665,417.665,0,417.665
4/2/2023 5:30,422.701,422.701,0,422.701
4/2/2023 6:00,438.181,438.181,0,438.181
4/2/2023 6:30,504.766,504.766,0,504.766
4/2/2023 7:00,476.701,489.307,12.606,476.701
4/2/2023 7:30,408.737,512.905,104.168,408.737
4/2/2023 8:00,407.653,634.54,226.887,407.653
4/2/2023 8:30,419.975,788.794,368.819,419.975
4/2/2023 9:00,297.151,885.475,588.324,297.151
4/2/2023 9:30,1116.409,1740.349,623.94,1116.409
4/2/2023 10:00,2656.634,3523.062,866.428,2656.634
4/2/2023 10:30,2370.762,3507.058,1136.296,2370.762
4/2/2023 11:00,2243.49,3382.59,1139.1,2243.49
4/2/2023 11:30,2069.578,3336.415,1266.837,2069.578
4/2/2023 12:00,1885.956,3182.765,1296.809,1885.956
4/2/2023 12:30,1915.17,3244.173,1329.003,1915.17
4/2/2023 13:00,1864.014,3182.946,1318.932,1864.014
4/2/2023 13:30,1957.378,3232.165,1274.787,1957.378
4/2/2023 14:00,2056.635,3255.068,1198.433,2056.635
4/2/2023 14:30,2170.034,3286.27,1116.236,2170.034
4/2/2023 15:00,2312.588,3333.294,1020.706,2312.588
4/2/2023 15:30,2328.667,3187.102,858.435,2328.667
4/2/2023 16:00,2779.554,3467.393,687.839,2779.554
4/2/2023 16:30,2864.045,3375.815,511.77,2864.045
4/2/2023 17:00,3127.869,3435.68,307.811,3127.869
4/2/2023 17:30,3415.223,3566.729,151.506,3415.223
4/2/2023 18:00,3470.797,3510.343,39.546,3470.797
4/2/2023 18:30,3664.125,3664.168,0.043,3664.125
4/2/2023 19:00,3620.579,3620.579,0,3620.579
4/2/2023 19:30,3605.265,3605.265,0,3605.265
4/2/2023 20:00,3498.47,3498.47,0,3498.47
4/2/2023 20:30,3439.987,3439.987,0,3439.987
4/2/2023 21:00,3311.467,3311.467,0,3311.467
4/2/2023 21:30,2681.37,2681.37,0,2681.37
4/2/2023 22:00,2536.341,2536.341,0,2536.341
4/2/2023 22:30,1308.552,1308.552,0,1308.552
4/2/2023 23:00,1199.176,1199.176,0,1199.176
4/2/2023 23:30,790.236,790.236,0,790.236
5/2/2023 0:00,1335.055,1335.055,0,1335.055
5/2/2023 0:30,563.013,563.013,0,563.013
5/2/2023 1:00,528.45,528.45,0,528.45
5/2/2023 1:30,517.247,517.247,0,517.247
5/2/2023 2:00,502.348,502.348,0,502.348
5/2/2023 2:30,517.083,517.083,0,517.083
5/2/2023 3:00,504.347,504.347,0,504.347
5/2/2023 3:30,519.204,519.204,0,519.204
5/2/2023 4:00,432.626,432.626,0,432.626
5/2/2023 4:30,419.508,419.508,0,419.508
5/2/2023 5:00,430.564,430.564,0,430.564
5/2/2023 5:30,413.851,413.851,0,413.851
5/2/2023 6:00,449.448,449.448,0,449.448
5/2/2023 6:30,477.487,477.487,0,477.487
5/2/2023 7:00,481.372,499.1,17.728,481.372
5/2/2023 7:30,400.556,490.546,89.99,400.556
5/2/2023 8:00,425.618,657.134,231.516,425.618
5/2/2023 8:30,302.556,705.333,402.777,302.556
5/2/2023 9:00,122.635,730.733,608.098,122.635
5/2/2023 9:30,309.871,1024.029,714.158,309.871
5/2/2023 10:00,168.385,1113.751,945.366,168.385
5/2/2023 10:30,790.725,1862.553,1071.828,790.725
5/2/2023 11:00,2400.605,3563.995,1163.39,2400.605
5/2/2023 11:30,2293.064,3530.938,1237.874,2293.064
5/2/2023 12:00,2137.117,3435.916,1298.799,2137.117
5/2/2023 12:30,1980.626,3318.612,1337.986,1980.626
5/2/2023 13:00,2003.128,3246.58,1243.452,2003.128
5/2/2023 13:30,1906.479,3143.905,1237.426,1906.479
5/2/2023 14:00,2270.861,3433.112,1162.251,2270.861
5/2/2023 14:30,2192.544,3274.05,1081.506,2192.544
5/2/2023 15:00,2213.582,3230.033,1016.451,2213.582
5/2/2023 15:30,2362.38,3218.623,856.243,2362.38
5/2/2023 16:00,2568.324,3297.13,728.806,2568.324
5/2/2023 16:30,2781.303,3294.592,513.289,2781.303
5/2/2023 17:00,3000.237,3306.525,306.288,3000.237
5/2/2023 17:30,3291.411,3449.709,158.298,3291.411
5/2/2023 18:00,3501.925,3538.254,36.329,3501.925
5/2/2023 18:30,3467.91,3468.315,0.405,3467.91
5/2/2023 19:00,3524.325,3524.325,0,3524.325
5/2/2023 19:30,3516.084,3516.084,0,3516.084
5/2/2023 20:00,3394.506,3394.506,0,3394.506
5/2/2023 20:30,3324.328,3324.328,0,3324.328
5/2/2023 21:00,2679.552,2679.552,0,2679.552
5/2/2023 21:30,2801.318,2801.318,0,2801.318
5/2/2023 22:00,2462.559,2462.559,0,2462.559
5/2/2023 22:30,1290.916,1290.916,0,1290.916
5/2/2023 23:00,1198.593,1198.593,0,1198.593
5/2/2023 23:30,1136.501,1136.501,0,1136.501
6/2/2023 0:00,694.15,694.15,0,694.15
6/2/2023 0:30,558.039,558.039,0,558.039
6/2/2023 1:00,541.346,541.346,0,541.346
6/2/2023 1:30,535.339,535.339,0,535.339
6/2/2023 2:00,505.643,505.643,0,505.643
6/2/2023 2:30,478.208,478.208,0,478.208
6/2/2023 3:00,490.996,490.996,0,490.996
6/2/2023 3:30,487.336,487.336,0,487.336
6/2/2023 4:00,422.063,422.063,0,422.063
6/2/2023 4:30,399.631,399.631,0,399.631
6/2/2023 5:00,436.022,436.022,0,436.022
6/2/2023 5:30,397.851,397.851,0,397.851
6/2/2023 6:00,439.939,439.939,0,439.939
6/2/2023 6:30,473.371,473.371,0,473.371
6/2/2023 7:00,465.897,484.166,18.269,465.897
6/2/2023 7:30,380.988,475.849,94.861,380.988
6/2/2023 8:00,293.203,530.515,237.312,293.203
6/2/2023 8:30,258.557,674.137,415.58,258.557
6/2/2023 9:00,180.519,787.062,606.543,180.519
6/2/2023 9:30,94.638,931.045,836.407,94.638
6/2/2023 10:00,-39.38,935.122,974.502,-39.38
6/2/2023 10:30,561.162,1674.466,1113.304,561.162
6/2/2023 11:00,2124.854,3323.258,1198.404,2124.854
6/2/2023 11:30,2169.277,3416.378,1247.101,2169.277
6/2/2023 12:00,2013.979,3313.011,1299.032,2013.979
6/2/2023 12:30,1915.161,3248.322,1333.161,1915.161
6/2/2023 13:00,2233.971,3388.573,1154.602,2233.971
6/2/2023 13:30,1940.497,3212.759,1272.262,1940.497
6/2/2023 14:00,2151.485,3242.834,1091.349,2151.485
6/2/2023 14:30,2566.004,3367.763,801.759,2566.004
6/2/2023 15:00,2242.983,3165.961,922.978,2242.983
6/2/2023 15:30,2412.714,3192.237,779.523,2412.714
6/2/2023 16:00,2721.348,3312.078,590.73,2721.348
6/2/2023 16:30,2792.266,3253.756,461.49,2792.266
6/2/2023 17:00,2991.553,3280.55,288.997,2991.553
6/2/2023 17:30,3308.138,3463.854,155.716,3308.138
6/2/2023 18:00,3332.489,3385.27,52.781,3332.489
6/2/2023 18:30,3602.764,3603.527,0.763,3602.764
6/2/2023 19:00,3653.502,3653.502,0,3653.502
6/2/2023 19:30,3661.423,3661.423,0,3661.423
6/2/2023 20:00,3534.205,3534.205,0,3534.205
6/2/2023 20:30,3450.511,3450.511,0,3450.511
6/2/2023 21:00,3326.953,3326.953,0,3326.953
6/2/2023 21:30,2593.167,2593.167,0,2593.167
6/2/2023 22:00,2505.663,2505.663,0,2505.663
6/2/2023 22:30,1375.209,1375.209,0,1375.209
6/2/2023 23:00,1220.342,1220.342,0,1220.342
6/2/2023 23:30,1092.973,1092.973,0,1092.973
7/2/2023 0:00,653.198,653.198,0,653.198
7/2/2023 0:30,550.46,550.46,0,550.46
7/2/2023 1:00,511.924,511.924,0,511.924
7/2/2023 1:30,497.034,497.034,0,497.034
7/2/2023 2:00,506.056,506.056,0,506.056
7/2/2023 2:30,500.579,500.579,0,500.579
7/2/2023 3:00,489.585,489.585,0,489.585
7/2/2023 3:30,486.297,486.297,0,486.297
7/2/2023 4:00,424.376,424.376,0,424.376
7/2/2023 4:30,393.211,393.211,0,393.211
7/2/2023 5:00,424.624,424.624,0,424.624
7/2/2023 5:30,388.083,388.083,0,388.083
7/2/2023 6:00,440.06,440.06,0,440.06
7/2/2023 6:30,484.504,484.504,0,484.504
7/2/2023 7:00,492.717,506.507,13.79,492.717
7/2/2023 7:30,384.298,473.525,89.227,384.298
7/2/2023 8:00,335.112,556.386,221.274,335.112
7/2/2023 8:30,232.735,634.498,401.763,232.735
7/2/2023 9:00,312.16,847.924,535.764,312.16
7/2/2023 9:30,90.127,856.07,765.943,90.127
7/2/2023 10:00,-86.339,885.151,971.49,-86.339
7/2/2023 10:30,657.049,1754.189,1097.14,657.049
7/2/2023 11:00,1873.066,3130.631,1257.565,1873.066
7/2/2023 11:30,1941.437,3258.429,1316.992,1941.437
7/2/2023 12:00,1817.585,3160.888,1343.303,1817.585
7/2/2023 12:30,1858.277,3192.944,1334.667,1858.277
7/2/2023 13:00,1855.266,3195.379,1340.113,1855.266
7/2/2023 13:30,1991.628,3254.758,1263.13,1991.628
7/2/2023 14:00,2099.865,3329.108,1229.243,2099.865
7/2/2023 14:30,2286.073,3372.485,1086.412,2286.073
7/2/2023 15:00,3130.429,3487.848,357.419,3130.429
7/2/2023 15:30,2442.443,3329.986,887.543,2442.443
7/2/2023 16:00,2542.038,3262.387,720.349,2542.038
7/2/2023 16:30,2868.549,3395.561,527.012,2868.549
7/2/2023 17:00,3093.39,3439.505,346.115,3093.39
7/2/2023 17:30,3427.178,3593.282,166.104,3427.178
7/2/2023 18:00,3598.094,3642.222,44.128,3598.094
7/2/2023 18:30,3797.555,3797.703,0.148,3797.555
7/2/2023 19:00,3817.333,3817.333,0,3817.333
7/2/2023 19:30,3810.391,3810.391,0,3810.391
7/2/2023 20:00,3661.86,3661.86,0,3661.86
7/2/2023 20:30,3645.489,3645.489,0,3645.489
7/2/2023 21:00,3532.195,3532.195,0,3532.195
7/2/2023 21:30,2591.794,2591.794,0,2591.794
7/2/2023 22:00,2197.188,2197.188,0,2197.188
7/2/2023 22:30,1315.787,1315.787,0,1315.787
7/2/2023 23:00,1242.788,1242.788,0,1242.788
7/2/2023 23:30,1221.836,1221.836,0,1221.836
8/2/2023 0:00,1293.532,1293.532,0,1293.532
8/2/2023 0:30,641.809,641.809,0,641.809
8/2/2023 1:00,604.032,604.032,0,604.032
8/2/2023 1:30,579.59,579.59,0,579.59
8/2/2023 2:00,553.564,553.564,0,553.564
8/2/2023 2:30,546.839,546.839,0,546.839
8/2/2023 3:00,542.047,542.047,0,542.047
8/2/2023 3:30,555.794,555.794,0,555.794
8/2/2023 4:00,490.478,490.478,0,490.478
8/2/2023 4:30,475.853,475.853,0,475.853
8/2/2023 5:00,481.896,481.896,0,481.896
8/2/2023 5:30,490.805,490.805,0,490.805
8/2/2023 6:00,499.562,499.562,0,499.562
8/2/2023 6:30,498.189,498.189,0,498.189
8/2/2023 7:00,507.633,521.905,14.272,507.633
8/2/2023 7:30,424.856,521.373,96.517,424.856
8/2/2023 8:00,468.101,692.523,224.422,468.101
8/2/2023 8:30,339.916,733.574,393.658,339.916
8/2/2023 9:00,179.183,795.334,616.151,179.183
8/2/2023 9:30,30.971,893.646,862.675,30.971
8/2/2023 10:00,-45.664,940.773,986.437,-45.664
8/2/2023 10:30,640.014,1771.182,1131.168,640.014
8/2/2023 11:00,2269.18,3484.746,1215.566,2269.18
8/2/2023 11:30,2217.276,3502.114,1284.838,2217.276
8/2/2023 12:00,2135.391,3466.228,1330.837,2135.391
8/2/2023 12:30,2034.509,3419.142,1384.633,2034.509
8/2/2023 13:00,2100.035,3457.507,1357.472,2100.035
8/2/2023 13:30,2179.166,3501.954,1322.788,2179.166
8/2/2023 14:00,2044.805,3348.886,1304.081,2044.805
8/2/2023 14:30,2048.553,3225.492,1176.939,2048.553
8/2/2023 15:00,2213.044,3272.103,1059.059,2213.044
8/2/2023 15:30,2324.854,3235.462,910.608,2324.854
8/2/2023 16:00,2605.083,3360.894,755.811,2605.083
8/2/2023 16:30,2826.645,3381.346,554.701,2826.645
8/2/2023 17:00,3040.275,3413.311,373.036,3040.275
8/2/2023 17:30,3344.832,3521.525,176.693,3344.832
8/2/2023 18:00,3507.162,3555.052,47.89,3507.162
8/2/2023 18:30,3724.185,3724.42,0.235,3724.185
8/2/2023 19:00,3690.211,3690.211,0,3690.211
8/2/2023 19:30,3736.887,3736.887,0,3736.887
8/2/2023 20:00,3572.353,3572.353,0,3572.353
8/2/2023 20:30,3481.557,3481.557,0,3481.557
8/2/2023 21:00,3415.592,3415.592,0,3415.592
8/2/2023 21:30,2684.411,2684.411,0,2684.411
8/2/2023 22:00,2504.265,2504.265,0,2504.265
8/2/2023 22:30,1511.707,1511.707,0,1511.707
8/2/2023 23:00,1241.061,1241.061,0,1241.061
8/2/2023 23:30,780.87,780.87,0,780.87
9/2/2023 0:00,1171.341,1171.341,0,1171.341
9/2/2023 0:30,590.009,590.009,0,590.009
9/2/2023 1:00,590.282,590.282,0,590.282
9/2/2023 1:30,573.34,573.34,0,573.34
9/2/2023 2:00,571.821,571.821,0,571.821
9/2/2023 2:30,548.822,548.822,0,548.822
9/2/2023 3:00,558.348,558.348,0,558.348
9/2/2023 3:30,548.473,548.473,0,548.473
9/2/2023 4:00,482.213,482.213,0,482.213
9/2/2023 4:30,464.983,464.983,0,464.983
9/2/2023 5:00,468.502,468.502,0,468.502
9/2/2023 5:30,484.006,484.006,0,484.006
9/2/2023 6:00,464.552,464.552,0,464.552
9/2/2023 6:30,476.843,476.843,0,476.843
9/2/2023 7:00,461.934,475.95,14.016,461.934
9/2/2023 7:30,375.057,469.975,94.918,375.057
9/2/2023 8:00,394.402,624.918,230.516,394.402
9/2/2023 8:30,460.341,742.058,281.717,460.341
9/2/2023 9:00,175.002,813.822,638.82,175.002
9/2/2023 9:30,106.839,957.883,851.044,106.839
9/2/2023 10:00,-23.098,1010.3,1033.398,-23.098
9/2/2023 10:30,326.049,1450.917,1124.868,326.049
9/2/2023 11:00,2133.384,3408.171,1274.787,2133.384
9/2/2023 11:30,2118.966,3465.077,1346.111,2118.966
9/2/2023 12:00,1963.078,3390.775,1427.697,1963.078
9/2/2023 12:30,1950.949,3358.576,1407.627,1950.949
9/2/2023 13:00,1931.839,3327.173,1395.334,1931.839
9/2/2023 13:30,2002.838,3348.554,1345.716,2002.838
9/2/2023 14:00,2044.728,3319.746,1275.018,2044.728
9/2/2023 14:30,2013.518,3176.689,1163.171,2013.518
9/2/2023 15:00,2126.096,3189.516,1063.42,2126.096
9/2/2023 15:30,2320.073,3224.32,904.247,2320.073
9/2/2023 16:00,2626.469,3360.036,733.567,2626.469
9/2/2023 16:30,2880.306,3404.011,523.705,2880.306
9/2/2023 17:00,3167.342,3497.155,329.813,3167.342
9/2/2023 17:30,3373.718,3538.899,165.181,3373.718
9/2/2023 18:00,3596.16,3645.722,49.562,3596.16
9/2/2023 18:30,3856.504,3856.899,0.395,3856.504
9/2/2023 19:00,3920.72,3920.72,0,3920.72
9/2/2023 19:30,3914.711,3914.711,0,3914.711
9/2/2023 20:00,3804.158,3804.158,0,3804.158
9/2/2023 20:30,3692.95,3692.95,0,3692.95
9/2/2023 21:00,3584.109,3584.109,0,3584.109
9/2/2023 21:30,3333.614,3333.614,0,3333.614
9/2/2023 22:00,2517.07,2517.07,0,2517.07
9/2/2023 22:30,1637.659,1637.659,0,1637.659
9/2/2023 23:00,1279.993,1279.993,0,1279.993
9/2/2023 23:30,1157.663,1157.663,0,1157.663
10/2/2023 0:00,1224.055,1224.055,0,1224.055
10/2/2023 0:30,1182.713,1182.713,0,1182.713
10/2/2023 1:00,1184.246,1184.246,0,1184.246
10/2/2023 1:30,592.76,592.76,0,592.76
10/2/2023 2:00,559.599,559.599,0,559.599
10/2/2023 2:30,576.756,576.756,0,576.756
10/2/2023 3:00,579.915,579.915,0,579.915
10/2/2023 3:30,543.071,543.071,0,543.071
10/2/2023 4:00,463.846,463.846,0,463.846
10/2/2023 4:30,438.158,438.158,0,438.158
10/2/2023 5:00,484.833,484.833,0,484.833
10/2/2023 5:30,425.934,425.934,0,425.934
10/2/2023 6:00,461.027,461.027,0,461.027
10/2/2023 6:30,502.806,502.806,0,502.806
10/2/2023 7:00,491.682,511.783,20.101,491.682
10/2/2023 7:30,528.64,604.11,75.47,528.64
10/2/2023 8:00,671.228,746.457,75.229,671.228
10/2/2023 8:30,616.647,870.572,253.925,616.647
10/2/2023 9:00,643.42,1011.84,368.42,643.42
10/2/2023 9:30,1452.572,1830.715,378.143,1452.572
10/2/2023 10:00,3143.12,3393.652,250.532,3143.12
10/2/2023 10:30,3152.907,3528.368,375.461,3152.907
10/2/2023 11:00,3320.473,3651.025,330.552,3320.473
10/2/2023 11:30,3047.91,3652.796,604.886,3047.91
10/2/2023 12:00,3310.873,3619.355,308.482,3310.873
10/2/2023 12:30,2807.516,3623.566,816.05,2807.516
10/2/2023 13:00,3446.384,3756.922,310.538,3446.384
10/2/2023 13:30,3446.54,3779.042,332.502,3446.54
10/2/2023 14:00,3509.115,3848.168,339.053,3509.115
10/2/2023 14:30,2378.081,3637.465,1259.384,2378.081
10/2/2023 15:00,2681.17,3685.197,1004.027,2681.17
10/2/2023 15:30,3374.155,3706.119,331.964,3374.155
10/2/2023 16:00,3443.296,3870.522,427.226,3443.296
10/2/2023 16:30,3611.529,3851.407,239.878,3611.529
10/2/2023 17:00,3696.138,3840.465,144.327,3696.138
10/2/2023 17:30,3684.812,3827.436,142.624,3684.812
10/2/2023 18:00,3918.148,3944.744,26.596,3918.148
10/2/2023 18:30,3985.903,3986.338,0.435,3985.903
10/2/2023 19:00,4044.419,4044.419,0,4044.419
10/2/2023 19:30,4024.579,4024.579,0,4024.579
10/2/2023 20:00,3872.839,3872.839,0,3872.839
10/2/2023 20:30,3768.959,3768.959,0,3768.959
10/2/2023 21:00,3645.063,3645.063,0,3645.063
10/2/2023 21:30,2768.8,2768.8,0,2768.8
10/2/2023 22:00,2600.158,2600.158,0,2600.158
10/2/2023 22:30,1361.221,1361.221,0,1361.221
10/2/2023 23:00,1142.226,1142.226,0,1142.226
10/2/2023 23:30,783.334,783.334,0,783.334
11/2/2023 0:00,1318.151,1318.151,0,1318.151
11/2/2023 0:30,1162.175,1162.175,0,1162.175
11/2/2023 1:00,844.582,844.582,0,844.582
11/2/2023 1:30,566.412,566.412,0,566.412
11/2/2023 2:00,525.357,525.357,0,525.357
11/2/2023 2:30,528.22,528.22,0,528.22
11/2/2023 3:00,514.518,514.518,0,514.518
11/2/2023 3:30,517.278,517.278,0,517.278
11/2/2023 4:00,436.544,436.544,0,436.544
11/2/2023 4:30,440.217,440.217,0,440.217
11/2/2023 5:00,449.826,449.826,0,449.826
11/2/2023 5:30,422.014,422.014,0,422.014
11/2/2023 6:00,465.945,465.945,0,465.945
11/2/2023 6:30,505.792,505.792,0,505.792
11/2/2023 7:00,486.104,501.299,15.195,486.104
11/2/2023 7:30,430.809,480.409,49.6,430.809
11/2/2023 8:00,569.218,673.688,104.47,569.218
11/2/2023 8:30,466.037,805.697,339.66,466.037
11/2/2023 9:00,420,922.535,502.535,420
11/2/2023 9:30,838.267,1536.259,697.992,838.267
11/2/2023 10:00,2299.522,3164.331,864.809,2299.522
11/2/2023 10:30,2207.122,3206.306,999.184,2207.122
11/2/2023 11:00,2081.777,3152.625,1070.848,2081.777
11/2/2023 11:30,1869.864,3114.372,1244.508,1869.864
11/2/2023 12:00,1756.385,3022.411,1266.026,1756.385
11/2/2023 12:30,1644.8,2976.524,1331.724,1644.8
11/2/2023 13:00,1701.45,3024.393,1322.943,1701.45
11/2/2023 13:30,1776.396,3063.409,1287.013,1776.396
11/2/2023 14:00,1940.712,3093.525,1152.813,1940.712
11/2/2023 14:30,2088.609,3187.833,1099.224,2088.609
11/2/2023 15:00,2227.906,3209.009,981.103,2227.906
11/2/2023 15:30,2399.186,3201.197,802.011,2399.186
11/2/2023 16:00,2707.172,3374.12,666.948,2707.172
11/2/2023 16:30,2869.718,3361.163,491.445,2869.718
11/2/2023 17:00,3148.076,3459.43,311.354,3148.076
11/2/2023 17:30,3339.405,3490.369,150.964,3339.405
11/2/2023 18:00,3469.075,3516.512,47.437,3469.075
11/2/2023 18:30,3594.878,3595.731,0.853,3594.878
11/2/2023 19:00,3582.401,3582.401,0,3582.401
11/2/2023 19:30,3567.123,3567.123,0,3567.123
11/2/2023 20:00,3455.025,3455.025,0,3455.025
11/2/2023 20:30,3356.98,3356.98,0,3356.98
11/2/2023 21:00,3152.983,3152.983,0,3152.983
11/2/2023 21:30,3040.023,3040.023,0,3040.023
11/2/2023 22:00,2210.404,2210.404,0,2210.404
11/2/2023 22:30,1299.695,1299.695,0,1299.695
11/2/2023 23:00,822.308,822.308,0,822.308
11/2/2023 23:30,1164.547,1164.547,0,1164.547
12/2/2023 0:00,851.576,851.576,0,851.576
12/2/2023 0:30,670.915,670.915,0,670.915
12/2/2023 1:00,630.498,630.498,0,630.498
12/2/2023 1:30,556.847,556.847,0,556.847
12/2/2023 2:00,562.827,562.827,0,562.827
12/2/2023 2:30,545.513,545.513,0,545.513
12/2/2023 3:00,528.55,528.55,0,528.55
12/2/2023 3:30,536.326,536.326,0,536.326
12/2/2023 4:00,453.759,453.759,0,453.759
12/2/2023 4:30,438.86,438.86,0,438.86
12/2/2023 5:00,445.364,445.364,0,445.364
12/2/2023 5:30,416.796,416.796,0,416.796
12/2/2023 6:00,438.045,438.045,0,438.045
12/2/2023 6:30,463.93,463.93,0,463.93
12/2/2023 7:00,448.927,469.941,21.014,448.927
12/2/2023 7:30,342.488,440.528,98.04,342.488
12/2/2023 8:00,398.574,611.527,212.953,398.574
12/2/2023 8:30,280.198,639.678,359.48,280.198
12/2/2023 9:00,291.909,813.755,521.846,291.909
12/2/2023 9:30,230.171,956.861,726.69,230.171
12/2/2023 10:00,65.251,975.843,910.592,65.251
12/2/2023 10:30,-46.06,1022.053,1068.113,-46.06
12/2/2023 11:00,1898.592,3093.472,1194.88,1898.592
12/2/2023 11:30,1888.604,3165.25,1276.646,1888.604
12/2/2023 12:00,1674.305,3001.796,1327.491,1674.305
12/2/2023 12:30,1719.483,3022.338,1302.855,1719.483
12/2/2023 13:00,1684.752,3001.866,1317.114,1684.752
12/2/2023 13:30,1633.867,2927.759,1293.892,1633.867
12/2/2023 14:00,1768.198,2953.383,1185.185,1768.198
12/2/2023 14:30,1798.052,2933.724,1135.672,1798.052
12/2/2023 15:00,1804.441,2968.8,1164.359,1804.441
12/2/2023 15:30,2373.585,3128.466,754.881,2373.585
12/2/2023 16:00,2972.607,3309.112,336.505,2972.607
12/2/2023 16:30,2671.859,3201.042,529.183,2671.859
12/2/2023 17:00,2978.755,3303.303,324.548,2978.755
12/2/2023 17:30,3191.456,3332.633,141.177,3191.456
12/2/2023 18:00,3285.137,3322.819,37.682,3285.137
12/2/2023 18:30,3505.807,3506.925,1.118,3505.807
12/2/2023 19:00,3496.329,3496.329,0,3496.329
12/2/2023 19:30,3429.652,3429.652,0,3429.652
12/2/2023 20:00,3342.107,3342.107,0,3342.107
12/2/2023 20:30,3271.807,3271.807,0,3271.807
12/2/2023 21:00,2813.255,2813.255,0,2813.255
12/2/2023 21:30,2576.89,2576.89,0,2576.89
12/2/2023 22:00,2237.153,2237.153,0,2237.153
12/2/2023 22:30,873.072,873.072,0,873.072
12/2/2023 23:00,776.006,776.006,0,776.006
12/2/2023 23:30,1186.438,1186.438,0,1186.438
13/2/2023 0:00,803.529,803.529,0,803.529
13/2/2023 0:30,568.089,568.089,0,568.089
13/2/2023 1:00,533.874,533.874,0,533.874
13/2/2023 1:30,531.09,531.09,0,531.09
13/2/2023 2:00,512.093,512.093,0,512.093
13/2/2023 2:30,533.594,533.594,0,533.594
13/2/2023 3:00,515.311,515.311,0,515.311
13/2/2023 3:30,499.745,499.745,0,499.745
13/2/2023 4:00,411.998,411.998,0,411.998
13/2/2023 4:30,426.983,426.983,0,426.983
13/2/2023 5:00,442.589,442.589,0,442.589
13/2/2023 5:30,421.753,421.753,0,421.753
13/2/2023 6:00,418.632,418.632,0,418.632
13/2/2023 6:30,431.207,431.207,0,431.207
13/2/2023 7:00,412.668,429.79,17.122,412.668
13/2/2023 7:30,308.678,408.472,99.794,308.678
13/2/2023 8:00,315.788,558.948,243.16,315.788
13/2/2023 8:30,245.679,666.09,420.411,245.679
13/2/2023 9:00,168.764,790.07,621.306,168.764
13/2/2023 9:30,113.724,926.687,812.963,113.724
13/2/2023 10:00,50.46,1021.771,971.311,50.46
13/2/2023 10:30,64.517,1180.325,1115.808,64.517
13/2/2023 11:00,1931.442,3195.839,1264.397,1931.442
13/2/2023 11:30,1831.365,3190.616,1359.251,1831.365
13/2/2023 12:00,1799.497,3183.999,1384.502,1799.497
13/2/2023 12:30,1648.457,3034.734,1386.277,1648.457
13/2/2023 13:00,1642.079,3008.927,1366.848,1642.079
13/2/2023 13:30,1700.342,3032.23,1331.888,1700.342
13/2/2023 14:00,1678.936,2947.828,1268.892,1678.936
13/2/2023 14:30,1910.474,3070.054,1159.58,1910.474
13/2/2023 15:00,2021.841,3054.852,1033.011,2021.841
13/2/2023 15:30,2234.445,3094.227,859.782,2234.445
13/2/2023 16:00,2565.372,3273.012,707.64,2565.372
13/2/2023 16:30,2731.336,3237.429,506.093,2731.336
13/2/2023 17:00,2999.658,3313.294,313.636,2999.658
13/2/2023 17:30,3183.976,3337.766,153.79,3183.976
13/2/2023 18:00,3352.669,3400.249,47.58,3352.669
13/2/2023 18:30,3686.376,3687.416,1.04,3686.376
13/2/2023 19:00,3550.664,3550.664,0,3550.664
13/2/2023 19:30,3567.943,3567.943,0,3567.943
13/2/2023 20:00,3387.984,3387.984,0,3387.984
13/2/2023 20:30,3336.578,3336.578,0,3336.578
13/2/2023 21:00,3187.476,3187.476,0,3187.476
13/2/2023 21:30,2596.635,2596.635,0,2596.635
13/2/2023 22:00,2403.729,2403.729,0,2403.729
13/2/2023 22:30,1281.835,1281.835,0,1281.835
13/2/2023 23:00,839.473,839.473,0,839.473
13/2/2023 23:30,1111.598,1111.598,0,1111.598
14/2/2023 0:00,855.449,855.449,0,855.449
14/2/2023 0:30,666.039,666.039,0,666.039
14/2/2023 1:00,631.071,631.071,0,631.071
14/2/2023 1:30,644.361,644.361,0,644.361
14/2/2023 2:00,610.645,610.645,0,610.645
14/2/2023 2:30,604.284,604.284,0,604.284
14/2/2023 3:00,614.857,614.857,0,614.857
14/2/2023 3:30,584.775,584.775,0,584.775
14/2/2023 4:00,517.299,517.299,0,517.299
14/2/2023 4:30,544.426,544.426,0,544.426
14/2/2023 5:00,513.453,513.453,0,513.453
14/2/2023 5:30,451.242,451.242,0,451.242
14/2/2023 6:00,493.232,493.232,0,493.232
14/2/2023 6:30,505.114,505.114,0,505.114
14/2/2023 7:00,458.753,481.246,22.493,458.753
14/2/2023 7:30,359.903,473.71,113.807,359.903
14/2/2023 8:00,417.215,667.185,249.97,417.215
14/2/2023 8:30,252.79,662.146,409.356,252.79
14/2/2023 9:00,177.873,792.431,614.558,177.873
14/2/2023 9:30,183.118,997.92,814.802,183.118
14/2/2023 10:00,-27.32,951.59,978.91,-27.32
14/2/2023 10:30,575.52,1691.093,1115.573,575.52
14/2/2023 11:00,1911.337,3134.31,1222.973,1911.337
14/2/2023 11:30,1778.304,3090.604,1312.3,1778.304
14/2/2023 12:00,1536.264,2882.597,1346.333,1536.264
14/2/2023 12:30,1593.55,2902.2,1308.65,1593.55
14/2/2023 13:00,1731.993,3066.718,1334.725,1731.993
14/2/2023 13:30,1817.402,3082.37,1264.968,1817.402
14/2/2023 14:00,1783.417,2986.479,1203.062,1783.417
14/2/2023 14:30,1838.492,2958.687,1120.195,1838.492
14/2/2023 15:00,2049.943,3036.533,986.59,2049.943
14/2/2023 15:30,2257.103,3092.166,835.063,2257.103
14/2/2023 16:00,2555.671,3224.506,668.835,2555.671
14/2/2023 16:30,2777.255,3250.891,473.636,2777.255
14/2/2023 17:00,2974.417,3280.08,305.663,2974.417
14/2/2023 17:30,3213.485,3358.406,144.921,3213.485
14/2/2023 18:00,3447.02,3493.502,46.482,3447.02
14/2/2023 18:30,3592.628,3593.845,1.217,3592.628
14/2/2023 19:00,3707.725,3707.725,0,3707.725
14/2/2023 19:30,3646.652,3646.652,0,3646.652
14/2/2023 20:00,3527.966,3527.966,0,3527.966
14/2/2023 20:30,3510.355,3510.355,0,3510.355
14/2/2023 21:00,3378.079,3378.079,0,3378.079
14/2/2023 21:30,2902.662,2902.662,0,2902.662
14/2/2023 22:00,2617.207,2617.207,0,2617.207
14/2/2023 22:30,1379.146,1379.146,0,1379.146
14/2/2023 23:00,1278.817,1278.817,0,1278.817
14/2/2023 23:30,853.631,853.631,0,853.631
15/2/2023 0:00,952.303,952.303,0,952.303
15/2/2023 0:30,698.281,698.281,0,698.281
15/2/2023 1:00,681.286,681.286,0,681.286
15/2/2023 1:30,710.116,710.116,0,710.116
15/2/2023 2:00,565.734,565.734,0,565.734
15/2/2023 2:30,571.98,571.98,0,571.98
15/2/2023 3:00,555.506,555.506,0,555.506
15/2/2023 3:30,575.034,575.034,0,575.034
15/2/2023 4:00,466.414,466.414,0,466.414
15/2/2023 4:30,459.729,459.729,0,459.729
15/2/2023 5:00,431.301,431.301,0,431.301
15/2/2023 5:30,418.246,418.246,0,418.246
15/2/2023 6:00,439.286,439.286,0,439.286
15/2/2023 6:30,449.197,449.197,0,449.197
15/2/2023 7:00,463.651,482.938,19.287,463.651
15/2/2023 7:30,335.776,435.778,100.002,335.776
15/2/2023 8:00,358.474,588.945,230.471,358.474
15/2/2023 8:30,262.526,650.657,388.131,262.526
15/2/2023 9:00,852.114,852.114,0,852.114
15/2/2023 9:30,280.468,1011.144,730.676,280.468
15/2/2023 10:00,156.595,1034.887,878.292,156.595
15/2/2023 10:30,907.166,1910.682,1003.516,907.166
15/2/2023 11:00,2190.829,3274.06,1083.231,2190.829
15/2/2023 11:30,2254.148,3419.176,1165.028,2254.148
15/2/2023 12:00,2176.165,3390.767,1214.602,2176.165
15/2/2023 12:30,2081.589,3256.293,1174.704,2081.589
15/2/2023 13:00,2035.394,3209.117,1173.723,2035.394
15/2/2023 13:30,1974.586,3185.157,1210.571,1974.586
15/2/2023 14:00,2919.991,3401.626,481.635,2919.991
15/2/2023 14:30,3109.907,3444.725,334.818,3109.907
15/2/2023 15:00,2385.797,3219.752,833.955,2385.797
15/2/2023 15:30,2606.495,3317.947,711.452,2606.495
15/2/2023 16:00,3114.729,3497.66,382.931,3114.729
15/2/2023 16:30,3114.288,3498.489,384.201,3114.288
15/2/2023 17:00,3276.673,3510.243,233.57,3276.673
15/2/2023 17:30,3446.062,3558.667,112.605,3446.062
15/2/2023 18:00,3590.023,3629.366,39.343,3590.023
15/2/2023 18:30,3717.323,3718.132,0.809,3717.323
15/2/2023 19:00,3736.22,3736.22,0,3736.22
15/2/2023 19:30,3723.494,3723.494,0,3723.494
15/2/2023 20:00,3580.337,3580.337,0,3580.337
15/2/2023 20:30,3531.968,3531.968,0,3531.968
15/2/2023 21:00,3395.085,3395.085,0,3395.085
15/2/2023 21:30,2869.445,2869.445,0,2869.445
15/2/2023 22:00,2483.825,2483.825,0,2483.825
15/2/2023 22:30,1654.967,1654.967,0,1654.967
15/2/2023 23:00,1194.535,1194.535,0,1194.535
15/2/2023 23:30,1107.781,1107.781,0,1107.781
16/2/2023 0:00,1187.939,1187.939,0,1187.939
16/2/2023 0:30,589.95,589.95,0,589.95
16/2/2023 1:00,581.15,581.15,0,581.15
16/2/2023 1:30,567.458,567.458,0,567.458
16/2/2023 2:00,533.754,533.754,0,533.754
16/2/2023 2:30,518.898,518.898,0,518.898
16/2/2023 3:00,536.082,536.082,0,536.082
16/2/2023 3:30,564.839,564.839,0,564.839
16/2/2023 4:00,459.147,459.147,0,459.147
16/2/2023 4:30,453.865,453.865,0,453.865
16/2/2023 5:00,449.044,449.044,0,449.044
16/2/2023 5:30,420.818,420.818,0,420.818
16/2/2023 6:00,453.595,453.595,0,453.595
16/2/2023 6:30,484.197,484.197,0,484.197
16/2/2023 7:00,454.101,471.419,17.318,454.101
16/2/2023 7:30,374.884,474.027,99.143,374.884
16/2/2023 8:00,544.924,687.62,142.696,544.924
16/2/2023 8:30,329.329,703.456,374.127,329.329
16/2/2023 9:00,263.177,818.732,555.555,263.177
16/2/2023 9:30,750.769,1102.547,351.778,750.769
16/2/2023 10:00,30.119,986.498,956.379,30.119
16/2/2023 10:30,615.366,1692.264,1076.898,615.366
16/2/2023 11:00,2327.668,3507.898,1180.23,2327.668
16/2/2023 11:30,3138.621,3695.666,557.045,3138.621
16/2/2023 12:00,2939.784,3637.632,697.848,2939.784
16/2/2023 12:30,1625.602,2950.445,1324.843,1625.602
16/2/2023 13:00,2149.363,3461.089,1311.726,2149.363
16/2/2023 13:30,2435.486,3547.976,1112.49,2435.486
16/2/2023 14:00,3567.09,4097.678,530.588,3567.09
16/2/2023 14:30,2258.807,3326.122,1067.315,2258.807
16/2/2023 15:00,2869.698,3585.151,715.453,2869.698
16/2/2023 15:30,2624.662,3534.944,910.282,2624.662
16/2/2023 16:00,3063.881,3713.627,649.746,3063.881
16/2/2023 16:30,3354.748,3819.6,464.852,3354.748
16/2/2023 17:00,3415.135,3696.192,281.057,3415.135
16/2/2023 17:30,3715.186,3846.965,131.779,3715.186
16/2/2023 18:00,3811.3,3834.645,23.345,3811.3
16/2/2023 18:30,3862.687,3862.921,0.234,3862.687
16/2/2023 19:00,3942.055,3942.055,0,3942.055
16/2/2023 19:30,3897.771,3897.771,0,3897.771
16/2/2023 20:00,3859.328,3859.328,0,3859.328
16/2/2023 20:30,3731.037,3731.037,0,3731.037
16/2/2023 21:00,3677.581,3677.581,0,3677.581
16/2/2023 21:30,2815.916,2815.916,0,2815.916
16/2/2023 22:00,2493.347,2493.347,0,2493.347
16/2/2023 22:30,1575.256,1575.256,0,1575.256
16/2/2023 23:00,1421.523,1421.523,0,1421.523
16/2/2023 23:30,1279.332,1279.332,0,1279.332
17/2/2023 0:00,872.496,872.496,0,872.496
17/2/2023 0:30,844.812,844.812,0,844.812
17/2/2023 1:00,1465.812,1465.812,0,1465.812
17/2/2023 1:30,622.248,622.248,0,622.248
17/2/2023 2:00,542.295,542.295,0,542.295
17/2/2023 2:30,551.896,551.896,0,551.896
17/2/2023 3:00,555.362,555.362,0,555.362
17/2/2023 3:30,550.605,550.605,0,550.605
17/2/2023 4:00,455.64,455.64,0,455.64
17/2/2023 4:30,451.752,451.752,0,451.752
17/2/2023 5:00,470.267,470.267,0,470.267
17/2/2023 5:30,422.626,422.626,0,422.626
17/2/2023 6:00,422.703,422.703,0,422.703
17/2/2023 6:30,489.477,489.477,0,489.477
17/2/2023 7:00,445.439,466.435,20.996,445.439
17/2/2023 7:30,367.35,532.417,165.067,367.35
17/2/2023 8:00,552.937,712.126,159.189,552.937
17/2/2023 8:30,708.51,875.314,166.804,708.51
17/2/2023 9:00,813.108,1019.989,206.881,813.108
17/2/2023 9:30,1217.567,1555.893,338.326,1217.567
17/2/2023 10:00,2445.364,3228.006,782.642,2445.364
17/2/2023 10:30,3078.431,3542.818,464.387,3078.431
17/2/2023 11:00,2167.793,3330.865,1163.072,2167.793
17/2/2023 11:30,2109.389,3344.336,1234.947,2109.389
17/2/2023 12:00,2578.673,3458.725,880.052,2578.673
17/2/2023 12:30,2159.46,3525.818,1366.358,2159.46
17/2/2023 13:00,2264.5,3484.932,1220.432,2264.5
17/2/2023 13:30,2284.456,3559.675,1275.219,2284.456
17/2/2023 14:00,2279.224,3527.476,1248.252,2279.224
17/2/2023 14:30,2557.971,3685.533,1127.562,2557.971
17/2/2023 15:00,2562.294,3625.764,1063.47,2562.294
17/2/2023 15:30,2851.717,3699.169,847.452,2851.717
17/2/2023 16:00,3071.142,3783.864,712.722,3071.142
17/2/2023 16:30,3361.091,3871.359,510.268,3361.091
17/2/2023 17:00,3564.478,3898.225,333.747,3564.478
17/2/2023 17:30,3848.806,4005.185,156.379,3848.806
17/2/2023 18:00,4008.05,4046.842,38.792,4008.05
17/2/2023 18:30,4145.935,4146.134,0.199,4145.935
17/2/2023 19:00,3596.362,3596.362,0,3596.362
17/2/2023 19:30,3975.452,3975.452,0,3975.452
17/2/2023 20:00,3771.295,3771.295,0,3771.295
17/2/2023 20:30,3724.672,3724.672,0,3724.672
17/2/2023 21:00,3603.474,3603.474,0,3603.474
17/2/2023 21:30,2774.888,2774.888,0,2774.888
17/2/2023 22:00,2366.954,2366.954,0,2366.954
17/2/2023 22:30,1452.322,1452.322,0,1452.322
17/2/2023 23:00,1110.861,1110.861,0,1110.861
17/2/2023 23:30,1041.403,1041.403,0,1041.403
18/2/2023 0:00,1131.249,1131.249,0,1131.249
18/2/2023 0:30,1086.012,1086.012,0,1086.012
18/2/2023 1:00,1083.094,1083.094,0,1083.094
18/2/2023 1:30,593.493,593.493,0,593.493
18/2/2023 2:00,535.652,535.652,0,535.652
18/2/2023 2:30,571.946,571.946,0,571.946
18/2/2023 3:00,559.419,559.419,0,559.419
18/2/2023 3:30,538.028,538.028,0,538.028
18/2/2023 4:00,418.868,418.868,0,418.868
18/2/2023 4:30,448.649,448.649,0,448.649
18/2/2023 5:00,440.222,440.222,0,440.222
18/2/2023 5:30,429.685,429.685,0,429.685
18/2/2023 6:00,441.778,441.778,0,441.778
18/2/2023 6:30,470.612,470.612,0,470.612
18/2/2023 7:00,414.766,457.159,42.393,414.766
18/2/2023 7:30,408.909,520.584,111.675,408.909
18/2/2023 8:00,541.964,666.278,124.314,541.964
18/2/2023 8:30,566.118,857.805,291.687,566.118
18/2/2023 9:00,605.679,1005.233,399.554,605.679
18/2/2023 9:30,1311.645,1934.601,622.956,1311.645
18/2/2023 10:00,2887.097,3542.673,655.576,2887.097
18/2/2023 10:30,2468.051,3492.737,1024.686,2468.051
18/2/2023 11:00,2261.156,3385.996,1124.84,2261.156
18/2/2023 11:30,2098.874,3481.877,1383.003,2098.874
18/2/2023 12:00,1721.885,3363.295,1641.41,1721.885
18/2/2023 12:30,3027.664,3692.322,664.658,3027.664
18/2/2023 13:00,2538.936,3573.001,1034.065,2538.936
18/2/2023 13:30,1671.367,3433.241,1761.874,1671.367
18/2/2023 14:00,2730.876,3711.491,980.615,2730.876
18/2/2023 14:30,2640.14,3705.971,1065.831,2640.14
18/2/2023 15:00,2433.558,3561.652,1128.094,2433.558
18/2/2023 15:30,2640.661,3590.401,949.74,2640.661
18/2/2023 16:00,2863.582,3689.557,825.975,2863.582
18/2/2023 16:30,3161.428,3762.743,601.315,3161.428
18/2/2023 17:00,3419.912,3787.571,367.659,3419.912
18/2/2023 17:30,3693.543,3879.884,186.341,3693.543
18/2/2023 18:00,3969.186,4022.5,53.314,3969.186
18/2/2023 18:30,4005.729,4006.179,0.45,4005.729
18/2/2023 19:00,3872.153,3872.153,0,3872.153
18/2/2023 19:30,3947.464,3947.464,0,3947.464
18/2/2023 20:00,3790.107,3790.107,0,3790.107
18/2/2023 20:30,3743.307,3743.307,0,3743.307
18/2/2023 21:00,3585.779,3585.779,0,3585.779
18/2/2023 21:30,2900.617,2900.617,0,2900.617
18/2/2023 22:00,2532.153,2532.153,0,2532.153
18/2/2023 22:30,1353.961,1353.961,0,1353.961
18/2/2023 23:00,1186.145,1186.145,0,1186.145
18/2/2023 23:30,795.307,795.307,0,795.307
19/2/2023 0:00,849.548,849.548,0,849.548
19/2/2023 0:30,627.897,627.897,0,627.897
19/2/2023 1:00,571.4,571.4,0,571.4
19/2/2023 1:30,568.767,568.767,0,568.767
19/2/2023 2:00,518.98,518.98,0,518.98
19/2/2023 2:30,518.452,518.452,0,518.452
19/2/2023 3:00,538.036,538.036,0,538.036
19/2/2023 3:30,549.017,549.017,0,549.017
19/2/2023 4:00,455.663,455.663,0,455.663
19/2/2023 4:30,435.507,435.507,0,435.507
19/2/2023 5:00,449.692,449.692,0,449.692
19/2/2023 5:30,466.059,466.059,0,466.059
19/2/2023 6:00,453.228,453.228,0,453.228
19/2/2023 6:30,449.988,449.988,0,449.988
19/2/2023 7:00,445.878,468.662,22.784,445.878
19/2/2023 7:30,383.402,498.129,114.727,383.402
19/2/2023 8:00,319.549,591.997,272.448,319.549
19/2/2023 8:30,181.381,655.796,474.415,181.381
19/2/2023 9:00,133.684,805.885,672.201,133.684
19/2/2023 9:30,-7.435,924.067,931.502,-7.435
19/2/2023 10:00,7.577,984.809,977.232,7.577
19/2/2023 10:30,974.166,1788.948,814.782,974.166
19/2/2023 11:00,1530.883,2728.833,1197.95,1530.883
19/2/2023 11:30,1952.735,3424.177,1471.442,1952.735
19/2/2023 12:00,1820.027,3315.8,1495.773,1820.027
19/2/2023 12:30,1719.663,3326.492,1606.829,1719.663
19/2/2023 13:00,2569.262,3552.7,983.438,2569.262
19/2/2023 13:30,3136.7,3626.998,490.298,3136.7
19/2/2023 14:00,2241.762,3310.566,1068.804,2241.762
19/2/2023 14:30,1986.953,3270.566,1283.613,1986.953
19/2/2023 15:00,2558.512,3349.453,790.941,2558.512
19/2/2023 15:30,2336.227,3341.571,1005.344,2336.227
19/2/2023 16:00,2597.559,3389.781,792.222,2597.559
19/2/2023 16:30,3090.842,3528.038,437.196,3090.842
19/2/2023 17:00,3017.953,3439.699,421.746,3017.953
19/2/2023 17:30,3448.811,3573.909,125.098,3448.811
19/2/2023 18:00,3551.461,3627.819,76.358,3551.461
19/2/2023 18:30,3808.453,3808.622,0.169,3808.453
19/2/2023 19:00,3734.976,3734.976,0,3734.976
19/2/2023 19:30,3744.163,3744.163,0,3744.163
19/2/2023 20:00,3583.952,3583.952,0,3583.952
19/2/2023 20:30,3522.434,3522.434,0,3522.434
19/2/2023 21:00,3391.602,3391.602,0,3391.602
19/2/2023 21:30,2783.871,2783.871,0,2783.871
19/2/2023 22:00,2491.366,2491.366,0,2491.366
19/2/2023 22:30,1265.953,1265.953,0,1265.953
19/2/2023 23:00,1175.858,1175.858,0,1175.858
19/2/2023 23:30,783.284,783.284,0,783.284
20/2/2023 0:00,720.509,720.509,0,720.509
20/2/2023 0:30,622.783,622.783,0,622.783
20/2/2023 1:00,598.332,598.332,0,598.332
20/2/2023 1:30,591.988,591.988,0,591.988
20/2/2023 2:00,544.231,544.231,0,544.231
20/2/2023 2:30,563.031,563.031,0,563.031
20/2/2023 3:00,561.446,561.446,0,561.446
20/2/2023 3:30,568.178,568.178,0,568.178
20/2/2023 4:00,462.742,462.742,0,462.742
20/2/2023 4:30,475.035,475.035,0,475.035
20/2/2023 5:00,458.56,458.56,0,458.56
20/2/2023 5:30,477.802,477.802,0,477.802
20/2/2023 6:00,458.84,458.84,0,458.84
20/2/2023 6:30,468.36,468.36,0,468.36
20/2/2023 7:00,422.048,459.291,37.243,422.048
20/2/2023 7:30,326.311,467.363,141.052,326.311
20/2/2023 8:00,365.813,641.769,275.956,365.813
20/2/2023 8:30,199.381,673.378,473.997,199.381
20/2/2023 9:00,61.279,778.949,717.67,61.279
20/2/2023 9:30,27.401,964.728,937.327,27.401
20/2/2023 10:00,-90.225,1011.143,1101.368,-90.225
20/2/2023 10:30,311.956,1572.179,1260.223,311.956
20/2/2023 11:00,1780.235,3147.019,1366.784,1780.235
20/2/2023 11:30,1753.235,3202.54,1449.305,1753.235
20/2/2023 12:00,1670.246,3162.991,1492.745,1670.246
20/2/2023 12:30,1730.618,3233.794,1503.176,1730.618
20/2/2023 13:00,1643.045,3181.069,1538.024,1643.045
20/2/2023 13:30,1944.601,3361.892,1417.291,1944.601
20/2/2023 14:00,1945.656,3296.956,1351.3,1945.656
20/2/2023 14:30,1998.402,3259.428,1261.026,1998.402
20/2/2023 15:00,2271.498,3442.067,1170.569,2271.498
20/2/2023 15:30,2441.038,3407.271,966.233,2441.038
20/2/2023 16:00,2754.215,3517.456,763.241,2754.215
20/2/2023 16:30,2988.499,3541.653,553.154,2988.499
20/2/2023 17:00,3200.475,3546.163,345.688,3200.475
20/2/2023 17:30,3518.313,3669.126,150.813,3518.313
20/2/2023 18:00,3705.123,3758.918,53.795,3705.123
20/2/2023 18:30,3886.488,3889.043,2.555,3886.488
20/2/2023 19:00,3839.742,3839.742,0,3839.742
20/2/2023 19:30,3913.453,3913.453,0,3913.453
20/2/2023 20:00,3810.472,3810.472,0,3810.472
20/2/2023 20:30,3688.126,3688.126,0,3688.126
20/2/2023 21:00,3691.595,3691.595,0,3691.595
20/2/2023 21:30,2762.086,2762.086,0,2762.086
20/2/2023 22:00,2546.687,2546.687,0,2546.687
20/2/2023 22:30,1312.921,1312.921,0,1312.921
20/2/2023 23:00,1199.889,1199.889,0,1199.889
20/2/2023 23:30,786.421,786.421,0,786.421
21/2/2023 0:00,858.437,858.437,0,858.437
21/2/2023 0:30,632.854,632.854,0,632.854
21/2/2023 1:00,570.511,570.511,0,570.511
21/2/2023 1:30,581.52,581.52,0,581.52
21/2/2023 2:00,533.719,533.719,0,533.719
21/2/2023 2:30,505.615,505.615,0,505.615
21/2/2023 3:00,556.068,556.068,0,556.068
21/2/2023 3:30,532.095,532.095,0,532.095
21/2/2023 4:00,456.249,456.249,0,456.249
21/2/2023 4:30,463.514,463.514,0,463.514
21/2/2023 5:00,437.447,437.447,0,437.447
21/2/2023 5:30,447.308,447.308,0,447.308
21/2/2023 6:00,501.81,501.81,0,501.81
21/2/2023 6:30,481.415,481.415,0,481.415
21/2/2023 7:00,486.097,516.783,30.686,486.097
21/2/2023 7:30,362.803,484.409,121.606,362.803
21/2/2023 8:00,325.988,601.447,275.459,325.988
21/2/2023 8:30,54.481,632.966,578.485,54.481
21/2/2023 9:00,55.523,841.792,786.269,55.523
21/2/2023 9:30,-105.277,920.443,1025.72,-105.277
21/2/2023 10:00,232.267,1077.819,845.552,232.267
21/2/2023 10:30,1781.077,2208.267,427.19,1781.077
21/2/2023 11:00,1552.468,3121.097,1568.629,1552.468
21/2/2023 11:30,1676.025,3315.537,1639.512,1676.025
21/2/2023 12:00,3137.604,3505.223,367.619,3137.604
21/2/2023 12:30,2924.88,3456.446,531.566,2924.88
21/2/2023 13:00,1458.131,3149.091,1690.96,1458.131
21/2/2023 13:30,1633.497,3194.273,1560.776,1633.497
21/2/2023 14:00,1762.017,3211.395,1449.378,1762.017
21/2/2023 14:30,1859.344,3212.676,1353.332,1859.344
21/2/2023 15:00,2076.846,3220.91,1144.064,2076.846
21/2/2023 15:30,2328.471,3330.297,1001.826,2328.471
21/2/2023 16:00,2627.455,3434.161,806.706,2627.455
21/2/2023 16:30,2895.752,3489.112,593.36,2895.752
21/2/2023 17:00,3153.01,3537.973,384.963,3153.01
21/2/2023 17:30,3562.599,3744.201,181.602,3562.599
21/2/2023 18:00,3607.986,3663.684,55.698,3607.986
21/2/2023 18:30,3798.204,3800.46,2.256,3798.204
21/2/2023 19:00,3857.902,3857.902,0,3857.902
21/2/2023 19:30,3858.648,3858.648,0,3858.648
21/2/2023 20:00,3716.837,3716.837,0,3716.837
21/2/2023 20:30,3649.569,3649.569,0,3649.569
21/2/2023 21:00,3428.066,3428.066,0,3428.066
21/2/2023 21:30,2599.822,2599.822,0,2599.822
21/2/2023 22:00,2308.052,2308.052,0,2308.052
21/2/2023 22:30,1396.377,1396.377,0,1396.377
21/2/2023 23:00,1249.391,1249.391,0,1249.391
21/2/2023 23:30,1097.407,1097.407,0,1097.407
22/2/2023 0:00,1130.644,1130.644,0,1130.644
22/2/2023 0:30,590.136,590.136,0,590.136
22/2/2023 1:00,598.395,598.395,0,598.395
22/2/2023 1:30,558.645,558.645,0,558.645
22/2/2023 2:00,554.041,554.041,0,554.041
22/2/2023 2:30,527.356,527.356,0,527.356
22/2/2023 3:00,548.089,548.089,0,548.089
22/2/2023 3:30,535.77,535.77,0,535.77
22/2/2023 4:00,443.524,443.524,0,443.524
22/2/2023 4:30,455.453,455.453,0,455.453
22/2/2023 5:00,448.172,448.172,0,448.172
22/2/2023 5:30,415.804,415.804,0,415.804
22/2/2023 6:00,438.877,438.877,0,438.877
22/2/2023 6:30,459.368,459.368,0,459.368
22/2/2023 7:00,457.116,480.148,23.032,457.116
22/2/2023 7:30,327.675,443.945,116.27,327.675
22/2/2023 8:00,316.312,587.826,271.514,316.312
22/2/2023 8:30,66.56,601.555,534.995,66.56
22/2/2023 9:00,621.451,933.274,311.823,621.451
22/2/2023 9:30,61.796,999.709,937.913,61.796
22/2/2023 10:00,-272.295,957.068,1229.363,-272.295
22/2/2023 10:30,2069.987,2412.683,342.696,2069.987
22/2/2023 11:00,1775.299,3114.611,1339.312,1775.299
22/2/2023 11:30,1717.467,3224.769,1507.302,1717.467
22/2/2023 12:00,2342.585,3332.893,990.308,2342.585
22/2/2023 12:30,1676.348,3231.062,1554.714,1676.348
22/2/2023 13:00,1695.709,3226.05,1530.341,1695.709
22/2/2023 13:30,1815.326,3338.533,1523.207,1815.326
22/2/2023 14:00,3211.69,3531.867,320.177,3211.69
22/2/2023 14:30,2148.35,3250.181,1101.831,2148.35
22/2/2023 15:00,2080.307,3262.611,1182.304,2080.307
22/2/2023 15:30,2335.537,3297.67,962.133,2335.537
22/2/2023 16:00,2692.649,3472.015,779.366,2692.649
22/2/2023 16:30,2982.929,3575.628,592.699,2982.929
22/2/2023 17:00,3245.788,3630.655,384.867,3245.788
22/2/2023 17:30,3421.644,3620.733,199.089,3421.644
22/2/2023 18:00,3631.406,3695.26,63.854,3631.406
22/2/2023 18:30,3843.608,3845.428,1.82,3843.608
22/2/2023 19:00,3861.537,3861.537,0,3861.537
22/2/2023 19:30,3848.305,3848.305,0,3848.305
22/2/2023 20:00,3774.072,3774.072,0,3774.072
22/2/2023 20:30,3639.067,3639.067,0,3639.067
22/2/2023 21:00,3587.403,3587.403,0,3587.403
22/2/2023 21:30,2653.337,2653.337,0,2653.337
22/2/2023 22:00,2269.454,2269.454,0,2269.454
22/2/2023 22:30,1344.475,1344.475,0,1344.475
22/2/2023 23:00,1257.198,1257.198,0,1257.198
22/2/2023 23:30,1128.597,1128.597,0,1128.597
23/2/2023 0:00,1089.305,1089.305,0,1089.305
23/2/2023 0:30,591.792,591.792,0,591.792
23/2/2023 1:00,594.038,594.038,0,594.038
23/2/2023 1:30,572.941,572.941,0,572.941
23/2/2023 2:00,540.856,540.856,0,540.856
23/2/2023 2:30,536.007,536.007,0,536.007
23/2/2023 3:00,550.569,550.569,0,550.569
23/2/2023 3:30,560.591,560.591,0,560.591
23/2/2023 4:00,445.515,445.515,0,445.515
23/2/2023 4:30,438.296,438.296,0,438.296
23/2/2023 5:00,441.617,441.617,0,441.617
23/2/2023 5:30,462.109,462.109,0,462.109
23/2/2023 6:00,459.332,459.332,0,459.332
23/2/2023 6:30,449.607,449.607,0,449.607
23/2/2023 7:00,451.03,487.2,36.17,451.03
23/2/2023 7:30,324.233,459.844,135.611,324.233
23/2/2023 8:00,270.176,552.812,282.636,270.176
23/2/2023 8:30,153.044,661.576,508.532,153.044
23/2/2023 9:00,30.381,767.362,736.981,30.381
23/2/2023 9:30,474.584,1030.895,556.311,474.584
23/2/2023 10:00,219.323,1033.437,814.114,219.323
23/2/2023 10:30,610.412,1863.619,1253.207,610.412
23/2/2023 11:00,2129.968,3468.534,1338.566,2129.968
23/2/2023 11:30,1923.745,3310.921,1387.176,1923.745
23/2/2023 12:00,1930.282,3358.551,1428.269,1930.282
23/2/2023 12:30,2718.177,3568.858,850.681,2718.177
23/2/2023 13:00,1802.679,3325.313,1522.634,1802.679
23/2/2023 13:30,2016.861,3417.439,1400.578,2016.861
23/2/2023 14:00,1982.381,3404.779,1422.398,1982.381
23/2/2023 14:30,3337.17,3647.683,310.513,3337.17
23/2/2023 15:00,2268.623,3393.723,1125.1,2268.623
23/2/2023 15:30,2520.407,3459.076,938.669,2520.407
23/2/2023 16:00,2770.958,3534.038,763.08,2770.958
23/2/2023 16:30,2995.997,3564.87,568.873,2995.997
23/2/2023 17:00,3298.987,3663.824,364.837,3298.987
23/2/2023 17:30,3534.842,3719.561,184.719,3534.842
23/2/2023 18:00,3725.281,3779.492,54.211,3725.281
23/2/2023 18:30,3865.372,3866.089,0.717,3865.372
23/2/2023 19:00,3870.502,3870.502,0,3870.502
23/2/2023 19:30,3888.598,3888.598,0,3888.598
23/2/2023 20:00,3871.929,3871.929,0,3871.929
23/2/2023 20:30,3821.074,3821.074,0,3821.074
23/2/2023 21:00,3669.605,3669.605,0,3669.605
23/2/2023 21:30,2729.545,2729.545,0,2729.545
23/2/2023 22:00,2584.697,2584.697,0,2584.697
23/2/2023 22:30,1591.124,1591.124,0,1591.124
23/2/2023 23:00,1358.982,1358.982,0,1358.982
23/2/2023 23:30,1188.018,1188.018,0,1188.018
24/2/2023 0:00,1161.921,1161.921,0,1161.921
24/2/2023 0:30,1113.895,1113.895,0,1113.895
24/2/2023 1:00,741.841,741.841,0,741.841
24/2/2023 1:30,527.904,527.904,0,527.904
24/2/2023 2:00,481.445,481.445,0,481.445
24/2/2023 2:30,518.238,518.238,0,518.238
24/2/2023 3:00,522.13,522.13,0,522.13
24/2/2023 3:30,503.864,503.864,0,503.864
24/2/2023 4:00,457.614,457.614,0,457.614
24/2/2023 4:30,477.345,477.345,0,477.345
24/2/2023 5:00,462.994,462.994,0,462.994
24/2/2023 5:30,447.568,447.568,0,447.568
24/2/2023 6:00,393.531,393.531,0,393.531
24/2/2023 6:30,473.88,473.88,0,473.88
24/2/2023 7:00,443.245,469.732,26.487,443.245
24/2/2023 7:30,377.764,464.913,87.149,377.764
24/2/2023 8:00,380.876,682.466,301.59,380.876
24/2/2023 8:30,312.04,812.327,500.287,312.04
24/2/2023 9:00,215.959,895.255,679.296,215.959
24/2/2023 9:30,802.861,1682.743,879.882,802.861
24/2/2023 10:00,2295.838,3399.763,1103.925,2295.838
24/2/2023 10:30,2210.162,3400.022,1189.86,2210.162
24/2/2023 11:00,1816.196,3368.317,1552.121,1816.196
24/2/2023 11:30,1993.145,3469.002,1475.857,1993.145
24/2/2023 12:00,2691.829,3535.243,843.414,2691.829
24/2/2023 12:30,2206.603,3483.288,1276.685,2206.603
24/2/2023 13:00,2600.146,3475.94,875.794,2600.146
24/2/2023 13:30,3171.72,3652.668,480.948,3171.72
24/2/2023 14:00,2457.393,3545.999,1088.606,2457.393
24/2/2023 14:30,2438.031,3576.233,1138.202,2438.031
24/2/2023 15:00,2596.684,3676.623,1079.939,2596.684
24/2/2023 15:30,2804.428,3668.625,864.197,2804.428
24/2/2023 16:00,2929.503,3695.572,766.069,2929.503
24/2/2023 16:30,3143.976,3682.331,538.355,3143.976
24/2/2023 17:00,3444.839,3794.842,350.003,3444.839
24/2/2023 17:30,3688.762,3872.565,183.803,3688.762
24/2/2023 18:00,3875.773,3931.859,56.086,3875.773
24/2/2023 18:30,4087.47,4088.952,1.482,4087.47
24/2/2023 19:00,4082.664,4082.664,0,4082.664
24/2/2023 19:30,4032.897,4032.897,0,4032.897
24/2/2023 20:00,4060.019,4060.019,0,4060.019
24/2/2023 20:30,3863.891,3863.891,0,3863.891
24/2/2023 21:00,3709.774,3709.774,0,3709.774
24/2/2023 21:30,2808.318,2808.318,0,2808.318
24/2/2023 22:00,2490.378,2490.378,0,2490.378
24/2/2023 22:30,1655.666,1655.666,0,1655.666
24/2/2023 23:00,1164.807,1164.807,0,1164.807
24/2/2023 23:30,1103.849,1103.849,0,1103.849
25/2/2023 0:00,1189.874,1189.874,0,1189.874
25/2/2023 0:30,575.064,575.064,0,575.064
25/2/2023 1:00,531.971,531.971,0,531.971
25/2/2023 1:30,519.344,519.344,0,519.344
25/2/2023 2:00,501.562,501.562,0,501.562
25/2/2023 2:30,494.355,494.355,0,494.355
25/2/2023 3:00,502.834,502.834,0,502.834
25/2/2023 3:30,507.098,507.098,0,507.098
25/2/2023 4:00,461.3,461.3,0,461.3
25/2/2023 4:30,422.509,422.509,0,422.509
25/2/2023 5:00,446.607,446.607,0,446.607
25/2/2023 5:30,432.503,432.503,0,432.503
25/2/2023 6:00,474.223,474.223,0,474.223
25/2/2023 6:30,472.125,472.125,0,472.125
25/2/2023 7:00,433.096,463.411,30.315,433.096
25/2/2023 7:30,369.838,506.651,136.813,369.838
25/2/2023 8:00,419.384,696.206,276.822,419.384
25/2/2023 8:30,365.719,784.822,419.103,365.719
25/2/2023 9:00,282.38,950.936,668.556,282.38
25/2/2023 9:30,1019.224,1903.047,883.823,1019.224
25/2/2023 10:00,2428.73,3528.356,1099.626,2428.73
25/2/2023 10:30,2293.165,3529.625,1236.46,2293.165
25/2/2023 11:00,1552.903,2899.231,1346.328,1552.903
25/2/2023 11:30,2591.965,3563.154,971.189,2591.965
25/2/2023 12:00,2094.922,3501.54,1406.618,2094.922
25/2/2023 12:30,2093.727,3543.446,1449.719,2093.727
25/2/2023 13:00,3260.883,3726.493,465.61,3260.883
25/2/2023 13:30,2637.645,3572.669,935.024,2637.645
25/2/2023 14:00,2128.18,3473.008,1344.828,2128.18
25/2/2023 14:30,3237.663,3670.238,432.575,3237.663
25/2/2023 15:00,2482.49,3556.526,1074.036,2482.49
25/2/2023 15:30,3206.09,3640.212,434.122,3206.09
25/2/2023 16:00,3464.816,3737.915,273.099,3464.816
25/2/2023 16:30,3128.911,3677.418,548.507,3128.911
25/2/2023 17:00,3610.271,3814.837,204.566,3610.271
25/2/2023 17:30,3623.294,3816.315,193.021,3623.294
25/2/2023 18:00,3779.812,3846.082,66.27,3779.812
25/2/2023 18:30,4077.121,4079.586,2.465,4077.121
25/2/2023 19:00,3996.667,3996.667,0,3996.667
25/2/2023 19:30,3989.249,3989.249,0,3989.249
25/2/2023 20:00,3858.007,3858.007,0,3858.007
25/2/2023 20:30,3711.828,3711.828,0,3711.828
25/2/2023 21:00,3582.456,3582.456,0,3582.456
25/2/2023 21:30,2798.853,2798.853,0,2798.853
25/2/2023 22:00,2475.546,2475.546,0,2475.546
25/2/2023 22:30,1512.607,1512.607,0,1512.607
25/2/2023 23:00,1179.398,1179.398,0,1179.398
25/2/2023 23:30,1139.764,1139.764,0,1139.764
26/2/2023 0:00,1268.452,1268.452,0,1268.452
26/2/2023 0:30,1210.622,1210.622,0,1210.622
26/2/2023 1:00,604.806,604.806,0,604.806
26/2/2023 1:30,586.926,586.926,0,586.926
26/2/2023 2:00,546.481,546.481,0,546.481
26/2/2023 2:30,563.247,563.247,0,563.247
26/2/2023 3:00,554.175,554.175,0,554.175
26/2/2023 3:30,540.383,540.383,0,540.383
26/2/2023 4:00,479.607,479.607,0,479.607
26/2/2023 4:30,459.694,459.694,0,459.694
26/2/2023 5:00,466.849,466.849,0,466.849
26/2/2023 5:30,424.45,424.45,0,424.45
26/2/2023 6:00,414.386,414.386,0,414.386
26/2/2023 6:30,428.447,428.447,0,428.447
26/2/2023 7:00,443.482,473.401,29.919,443.482
26/2/2023 7:30,281.958,401.888,119.93,281.958
26/2/2023 8:00,328.445,568.552,240.107,328.445
26/2/2023 8:30,327.437,738.166,410.729,327.437
26/2/2023 9:00,312.675,913.367,600.692,312.675
26/2/2023 9:30,552.126,1109.687,557.561,552.126
26/2/2023 10:00,2619.795,3080.507,460.712,2619.795
26/2/2023 10:30,2838.129,3486.028,647.899,2838.129
26/2/2023 11:00,2882.661,3568.547,685.886,2882.661
26/2/2023 11:30,2126.432,3462.956,1336.524,2126.432
26/2/2023 12:00,2103.773,3414.61,1310.837,2103.773
26/2/2023 12:30,2536.19,3598.294,1062.104,2536.19
26/2/2023 13:00,2181.427,3463.425,1281.998,2181.427
26/2/2023 13:30,3140.98,3691.894,550.914,3140.98
26/2/2023 14:00,2177.468,3470.461,1292.993,2177.468
26/2/2023 14:30,2276.906,3492.996,1216.09,2276.906
26/2/2023 15:00,2349.979,3478.863,1128.884,2349.979
26/2/2023 15:30,2591.832,3508.972,917.14,2591.832
26/2/2023 16:00,3334.299,3788.333,454.034,3334.299
26/2/2023 16:30,3206.896,3708.372,501.476,3206.896
26/2/2023 17:00,3575.323,3871.082,295.759,3575.323
26/2/2023 17:30,3717.089,3852.812,135.723,3717.089
26/2/2023 18:00,3851.404,3916.322,64.918,3851.404
26/2/2023 18:30,3999.677,4001.224,1.547,3999.677
26/2/2023 19:00,3936.557,3936.557,0,3936.557
26/2/2023 19:30,4027.267,4027.267,0,4027.267
26/2/2023 20:00,3962.034,3962.034,0,3962.034
26/2/2023 20:30,3806.916,3806.916,0,3806.916
26/2/2023 21:00,3588.672,3588.672,0,3588.672
26/2/2023 21:30,2756.398,2756.398,0,2756.398
26/2/2023 22:00,2587.539,2587.539,0,2587.539
26/2/2023 22:30,2058.935,2058.935,0,2058.935
26/2/2023 23:00,1979.645,1979.645,0,1979.645
26/2/2023 23:30,1366.742,1366.742,0,1366.742
27/2/2023 0:00,1358.182,1358.182,0,1358.182
27/2/2023 0:30,647.995,647.995,0,647.995
27/2/2023 1:00,626.007,626.007,0,626.007
27/2/2023 1:30,623.057,623.057,0,623.057
27/2/2023 2:00,564.452,564.452,0,564.452
27/2/2023 2:30,593.282,593.282,0,593.282
27/2/2023 3:00,571.048,571.048,0,571.048
27/2/2023 3:30,529.68,529.68,0,529.68
27/2/2023 4:00,499.04,499.04,0,499.04
27/2/2023 4:30,499.551,499.551,0,499.551
27/2/2023 5:00,525.08,525.08,0,525.08
27/2/2023 5:30,495.869,495.869,0,495.869
27/2/2023 6:00,447.418,447.418,0,447.418
27/2/2023 6:30,507.282,507.282,0,507.282
27/2/2023 7:00,477.061,507.051,29.99,477.061
27/2/2023 7:30,432.027,505.149,73.122,432.027
27/2/2023 8:00,418.652,654.362,235.71,418.652
27/2/2023 8:30,375.612,761.202,385.59,375.612
27/2/2023 9:00,32.23,779.21,746.98,32.23
27/2/2023 9:30,320.366,847.271,526.905,320.366
27/2/2023 10:00,646.613,1095.369,448.756,646.613
27/2/2023 10:30,1785.854,2184.26,398.406,1785.854
27/2/2023 11:00,2323.769,3500.181,1176.412,2323.769
27/2/2023 11:30,3170.296,3682.267,511.971,3170.296
27/2/2023 12:00,2905.716,3550.108,644.392,2905.716
27/2/2023 12:30,2935.66,3518.537,582.877,2935.66
27/2/2023 13:00,3220.63,3664.625,443.995,3220.63
27/2/2023 13:30,2736.947,3534.336,797.389,2736.947
27/2/2023 14:00,1987.162,3244.902,1257.74,1987.162
27/2/2023 14:30,2051.605,3240.337,1188.732,2051.605
27/2/2023 15:00,2380.139,3289.567,909.428,2380.139
27/2/2023 15:30,2383.696,3240.706,857.01,2383.696
27/2/2023 16:00,2692.202,3371.837,679.635,2692.202
27/2/2023 16:30,2914.216,3381.806,467.59,2914.216
27/2/2023 17:00,3160.3,3463.889,303.589,3160.3
27/2/2023 17:30,3310.906,3457.466,146.56,3310.906
27/2/2023 18:00,3471.57,3524.861,53.291,3471.57
27/2/2023 18:30,3647.278,3649.233,1.955,3647.278
27/2/2023 19:00,3679.855,3679.855,0,3679.855
27/2/2023 19:30,3686.046,3686.046,0,3686.046
27/2/2023 20:00,3533.508,3533.508,0,3533.508
27/2/2023 20:30,3520.948,3520.948,0,3520.948
27/2/2023 21:00,3387.454,3387.454,0,3387.454
27/2/2023 21:30,2698.581,2698.581,0,2698.581
27/2/2023 22:00,2456.95,2456.95,0,2456.95
27/2/2023 22:30,1293.87,1293.87,0,1293.87
27/2/2023 23:00,761.643,761.643,0,761.643
27/2/2023 23:30,713.268,713.268,0,713.268
28/2/2023 0:00,1379.413,1379.413,0,1379.413
28/2/2023 0:30,604.761,604.761,0,604.761
28/2/2023 1:00,590.932,590.932,0,590.932
28/2/2023 1:30,565.218,565.218,0,565.218
28/2/2023 2:00,562.709,562.709,0,562.709
28/2/2023 2:30,560.847,560.847,0,560.847
28/2/2023 3:00,543.423,543.423,0,543.423
28/2/2023 3:30,548.827,548.827,0,548.827
28/2/2023 4:00,528.494,528.494,0,528.494
28/2/2023 4:30,498.121,498.121,0,498.121
28/2/2023 5:00,493.932,493.932,0,493.932
28/2/2023 5:30,472.9,472.9,0,472.9
28/2/2023 6:00,520.672,520.672,0,520.672
28/2/2023 6:30,503.701,503.701,0,503.701
28/2/2023 7:00,446.265,479.249,32.984,446.265
28/2/2023 7:30,303.265,439.02,135.755,303.265
28/2/2023 8:00,373.109,676.731,303.622,373.109
28/2/2023 8:30,164.187,655.295,491.108,164.187
28/2/2023 9:00,162.223,857.6,695.377,162.223
28/2/2023 9:30,27.964,914.423,886.459,27.964
28/2/2023 10:00,-78.941,987.591,1066.532,-78.941
28/2/2023 10:30,19.39,1229.689,1210.299,19.39
28/2/2023 11:00,1731.861,3184.989,1453.128,1731.861
28/2/2023 11:30,2711.638,3496.948,785.31,2711.638
28/2/2023 12:00,1934.231,3266.013,1331.782,1934.231
28/2/2023 12:30,2045.644,3306.116,1260.472,2045.644
28/2/2023 13:00,1773.139,3227.579,1454.44,1773.139
28/2/2023 13:30,2599.284,3479.28,879.996,2599.284
28/2/2023 14:00,3314.845,3642.841,327.996,3314.845
28/2/2023 14:30,3284.004,3621.416,337.412,3284.004
28/2/2023 15:00,3273.38,3513.191,239.811,3273.38
28/2/2023 15:30,3466.252,3533.477,67.225,3466.252
28/2/2023 16:00,3396.446,3551.529,155.083,3396.446
28/2/2023 16:30,3431.568,3579.978,148.41,3431.568
28/2/2023 17:00,3486.881,3645.881,159,3486.881
28/2/2023 17:30,3536.122,3676.604,140.482,3536.122
28/2/2023 18:00,3595.241,3670.6,75.359,3595.241
28/2/2023 18:30,3755.215,3757.366,2.151,3755.215
28/2/2023 19:00,3802.018,3802.018,0,3802.018
28/2/2023 19:30,3785.25,3785.25,0,3785.25
28/2/2023 20:00,3778.642,3778.642,0,3778.642
28/2/2023 20:30,3622.49,3622.49,0,3622.49
28/2/2023 21:00,3468.641,3468.641,0,3468.641
28/2/2023 21:30,2798.028,2798.028,0,2798.028
28/2/2023 22:00,2434.514,2434.514,0,2434.514
28/2/2023 22:30,1256.628,1256.628,0,1256.628
28/2/2023 23:00,771.329,771.329,0,771.329
28/2/2023 23:30,708.145,708.145,0,708.145
1/3/2023 0:00,1173.742,1173.742,0,1173.742
1/3/2023 0:30,582.351,582.351,0,582.351
1/3/2023 1:00,615.137,615.137,0,615.137
1/3/2023 1:30,566.519,566.519,0,566.519
1/3/2023 2:00,516.778,516.778,0,516.778
1/3/2023 2:30,515.643,515.643,0,515.643
1/3/2023 3:00,532.899,532.899,0,532.899
1/3/2023 3:30,516.067,516.067,0,516.067
1/3/2023 4:00,449.608,449.608,0,449.608
1/3/2023 4:30,447.983,447.983,0,447.983
1/3/2023 5:00,458.567,458.567,0,458.567
1/3/2023 5:30,430.187,430.187,0,430.187
1/3/2023 6:00,393.972,393.972,0,393.972
1/3/2023 6:30,451.505,451.505,0,451.505
1/3/2023 7:00,395.773,431.723,35.95,395.773
1/3/2023 7:30,292.136,420.92,128.784,292.136
1/3/2023 8:00,308.852,576.531,267.679,308.852
1/3/2023 8:30,208.093,661.326,453.233,208.093
1/3/2023 9:00,100.442,751.851,651.409,100.442
1/3/2023 9:30,39.825,903.635,863.81,39.825
1/3/2023 10:00,228.876,952.884,724.008,228.876
1/3/2023 10:30,487.54,1749.655,1262.115,487.54
1/3/2023 11:00,2701.117,3516.689,815.572,2701.117
1/3/2023 11:30,1858.81,3384.506,1525.696,1858.81
1/3/2023 12:00,1980.692,3438.304,1457.612,1980.692
1/3/2023 12:30,1868.594,3390.863,1522.269,1868.594
1/3/2023 13:00,1997.947,3416.493,1418.546,1997.947
1/3/2023 13:30,2030.485,3433.025,1402.54,2030.485
1/3/2023 14:00,1977.421,3334.985,1357.564,1977.421
1/3/2023 14:30,2265.726,3442.076,1176.35,2265.726
1/3/2023 15:00,2459.81,3506.092,1046.282,2459.81
1/3/2023 15:30,2498.012,3415.612,917.6,2498.012
1/3/2023 16:00,2858.969,3592.5,733.531,2858.969
1/3/2023 16:30,2992.764,3527.002,534.238,2992.764
1/3/2023 17:00,3262.351,3602.027,339.676,3262.351
1/3/2023 17:30,3526.824,3700.173,173.349,3526.824
1/3/2023 18:00,3712.717,3768.586,55.869,3712.717
1/3/2023 18:30,3927.137,3929.188,2.051,3927.137
1/3/2023 19:00,3951.051,3951.051,0,3951.051
1/3/2023 19:30,3894.144,3894.144,0,3894.144
1/3/2023 20:00,3858.877,3858.877,0,3858.877
1/3/2023 20:30,3820.146,3820.146,0,3820.146
1/3/2023 21:00,3614.436,3614.436,0,3614.436
1/3/2023 21:30,2934.59,2934.59,0,2934.59
1/3/2023 22:00,2767.484,2767.484,0,2767.484
1/3/2023 22:30,1668.957,1668.957,0,1668.957
1/3/2023 23:00,1406.392,1406.392,0,1406.392
1/3/2023 23:30,1336.611,1336.611,0,1336.611
